,feature,importance,fold
0,molecule_name,2471.0,1
1,id,1554.0,1
2,type,0.0,1
3,inv_dist0,2896.5,1
4,inv_dist1,2064.0,1
5,inv_distP,2137.5,1
6,inv_dist0R,2633.5,1
7,inv_dist1R,2895.0,1
8,inv_distPR,2629.5,1
9,inv_dist0E,2818.5,1
10,inv_dist1E,1842.5,1
11,inv_distPE,2478.0,1
12,linkM0,5478.0,1
13,linkM1,4637.5,1
14,min_molecule_atom_0_dist_xyz,2258.0,1
15,mean_molecule_atom_0_dist_xyz,2394.5,1
16,max_molecule_atom_0_dist_xyz,3137.0,1
17,sd_molecule_atom_0_dist_xyz,2269.5,1
18,min_molecule_atom_1_dist_xyz,2851.5,1
19,mean_molecule_atom_1_dist_xyz,1731.5,1
20,max_molecule_atom_1_dist_xyz,2079.0,1
21,sd_molecule_atom_1_dist_xyz,2109.5,1
22,coulomb_C.x,2307.0,1
23,coulomb_F.x,26.5,1
24,coulomb_H.x,1564.5,1
25,coulomb_N.x,1060.5,1
26,coulomb_O.x,2555.5,1
27,yukawa_C.x,2721.0,1
28,yukawa_F.x,29.5,1
29,yukawa_H.x,2512.0,1
30,yukawa_N.x,1446.0,1
31,yukawa_O.x,3587.5,1
32,vander_C.x,2637.5,1
33,vander_F.x,28.0,1
34,vander_H.x,2111.5,1
35,vander_N.x,1227.5,1
36,vander_O.x,3133.0,1
37,coulomb_C.y,2148.5,1
38,coulomb_F.y,22.5,1
39,coulomb_H.y,1402.5,1
40,coulomb_N.y,1129.0,1
41,coulomb_O.y,2392.5,1
42,yukawa_C.y,2632.0,1
43,yukawa_F.y,26.5,1
44,yukawa_H.y,2132.5,1
45,yukawa_N.y,1430.0,1
46,yukawa_O.y,3358.0,1
47,vander_C.y,2236.0,1
48,vander_F.y,24.0,1
49,vander_H.y,1700.0,1
50,vander_N.y,1716.5,1
51,vander_O.y,3274.0,1
52,distC0,4010.0,1
53,distH0,0.0,1
54,distN0,0.0,1
55,distC1,3206.5,1
56,distH1,0.0,1
57,distN1,0.0,1
58,adH1,6216.0,1
59,adH2,3269.5,1
60,adH3,878.0,1
61,adH4,168.5,1
62,adC1,6668.0,1
63,adC2,7423.5,1
64,adC3,7668.5,1
65,adC4,5710.0,1
66,adN1,4401.5,1
67,adN2,963.0,1
68,adN3,122.5,1
69,adN4,0.0,1
70,NC,83.5,1
71,NH,124.5,1
72,NN,162.5,1
73,NF,0.0,1
74,NO,162.0,1
75,atom_index_0,636.5,1
76,atom_index_1,663.5,1
77,atom_0,0.0,1
78,x_0,1563.5,1
79,y_0,1417.0,1
80,z_0,1771.5,1
81,dist_C_0_x,2270.5,1
82,dist_C_1_x,2690.5,1
83,dist_C_2_x,3049.5,1
84,dist_C_3_x,3564.0,1
85,dist_C_4_x,4348.0,1
86,dist_F_0_x,24.5,1
87,dist_F_1_x,3.5,1
88,dist_F_2_x,2.0,1
89,dist_F_3_x,0.0,1
90,dist_F_4_x,0.0,1
91,dist_H_0_x,2460.5,1
92,dist_H_1_x,2980.5,1
93,dist_H_2_x,3612.0,1
94,dist_H_3_x,3457.5,1
95,dist_H_4_x,3996.5,1
96,dist_N_0_x,2993.0,1
97,dist_N_1_x,778.0,1
98,dist_N_2_x,208.5,1
99,dist_N_3_x,36.5,1
100,dist_N_4_x,2.0,1
101,dist_O_0_x,4910.5,1
102,dist_O_1_x,2403.5,1
103,dist_O_2_x,518.0,1
104,dist_O_3_x,30.0,1
105,dist_O_4_x,0.0,1
106,atom_1,0.0,1
107,x_1,690.5,1
108,y_1,690.0,1
109,z_1,852.5,1
110,dist_C_0_y,2546.5,1
111,dist_C_1_y,2782.5,1
112,dist_C_2_y,3366.0,1
113,dist_C_3_y,4006.5,1
114,dist_C_4_y,4960.5,1
115,dist_F_0_y,17.5,1
116,dist_F_1_y,1.5,1
117,dist_F_2_y,7.0,1
118,dist_F_3_y,0.0,1
119,dist_F_4_y,0.0,1
120,dist_H_0_y,3065.5,1
121,dist_H_1_y,2036.5,1
122,dist_H_2_y,2378.5,1
123,dist_H_3_y,2760.0,1
124,dist_H_4_y,2821.0,1
125,dist_N_0_y,2539.5,1
126,dist_N_1_y,670.5,1
127,dist_N_2_y,179.5,1
128,dist_N_3_y,37.0,1
129,dist_N_4_y,3.0,1
130,dist_O_0_y,4179.0,1
131,dist_O_1_y,2138.0,1
132,dist_O_2_y,559.5,1
133,dist_O_3_y,34.0,1
134,dist_O_4_y,0.0,1
135,c_x,1089.0,1
136,c_y,1289.0,1
137,c_z,1392.5,1
138,dist,904.0,1
139,dist_x,519.0,1
140,dist_y,695.0,1
141,dist_z,532.0,1
142,type_0,0.0,1
143,molecule_couples,1340.0,1
144,molecule_dist_mean,2793.5,1
145,molecule_dist_min,2019.0,1
146,molecule_dist_max,2273.0,1
147,molecule_dist_std,2746.0,1
148,atom_0_couples_count,278.5,1
149,atom_1_couples_count,345.0,1
150,molecule_atom_index_0_count,544.5,1
151,molecule_atom_index_1_count,218.5,1
152,molecule_type_count,82.0,1
153,molecule_atom_1_count,44.5,1
154,molecule_type_0_count,11.5,1
155,molecule_atom_index_0_x_1_mean,1325.5,1
156,molecule_atom_index_0_x_1_mean_diff,2042.5,1
157,molecule_atom_index_0_x_1_mean_div,2287.5,1
158,molecule_atom_index_0_x_1_max,1487.5,1
159,molecule_atom_index_0_x_1_max_diff,1832.5,1
160,molecule_atom_index_0_x_1_max_div,1258.0,1
161,molecule_atom_index_0_x_1_std,2309.5,1
162,molecule_atom_index_0_x_1_std_diff,1000.5,1
163,molecule_atom_index_0_x_1_std_div,1147.5,1
164,molecule_atom_index_0_x_1_min,1429.5,1
165,molecule_atom_index_0_x_1_min_diff,1875.5,1
166,molecule_atom_index_0_x_1_min_div,1424.5,1
167,molecule_atom_index_0_y_1_mean,1188.0,1
168,molecule_atom_index_0_y_1_mean_diff,2034.0,1
169,molecule_atom_index_0_y_1_mean_div,2014.0,1
170,molecule_atom_index_0_y_1_max,1402.0,1
171,molecule_atom_index_0_y_1_max_diff,1752.5,1
172,molecule_atom_index_0_y_1_max_div,1561.0,1
173,molecule_atom_index_0_y_1_std,2463.0,1
174,molecule_atom_index_0_y_1_std_diff,886.0,1
175,molecule_atom_index_0_y_1_std_div,1131.0,1
176,molecule_atom_index_0_y_1_min,1369.0,1
177,molecule_atom_index_0_y_1_min_diff,1950.5,1
178,molecule_atom_index_0_y_1_min_div,1156.5,1
179,molecule_atom_index_0_z_1_mean,1784.5,1
180,molecule_atom_index_0_z_1_mean_diff,2100.0,1
181,molecule_atom_index_0_z_1_mean_div,2736.0,1
182,molecule_atom_index_0_z_1_max,1844.5,1
183,molecule_atom_index_0_z_1_max_diff,1898.5,1
184,molecule_atom_index_0_z_1_max_div,1249.0,1
185,molecule_atom_index_0_z_1_std,2274.5,1
186,molecule_atom_index_0_z_1_std_diff,1166.5,1
187,molecule_atom_index_0_z_1_std_div,1144.5,1
188,molecule_atom_index_0_z_1_min,1768.5,1
189,molecule_atom_index_0_z_1_min_diff,1754.5,1
190,molecule_atom_index_0_z_1_min_div,1233.5,1
191,molecule_atom_index_0_dist_mean,964.5,1
192,molecule_atom_index_0_dist_mean_diff,1595.0,1
193,molecule_atom_index_0_dist_mean_div,2022.0,1
194,molecule_atom_index_0_dist_max,1329.0,1
195,molecule_atom_index_0_dist_max_diff,1940.5,1
196,molecule_atom_index_0_dist_max_div,2803.0,1
197,molecule_atom_index_0_dist_std,909.5,1
198,molecule_atom_index_0_dist_std_diff,1837.5,1
199,molecule_atom_index_0_dist_std_div,1387.0,1
200,molecule_atom_index_0_dist_min,339.0,1
201,molecule_atom_index_0_dist_min_diff,0.0,1
202,molecule_atom_index_0_dist_min_div,0.0,1
203,molecule_atom_index_0_dist_x_mean,1720.5,1
204,molecule_atom_index_0_dist_x_mean_diff,1698.5,1
205,molecule_atom_index_0_dist_x_mean_div,1417.0,1
206,molecule_atom_index_0_dist_x_max,1467.0,1
207,molecule_atom_index_0_dist_x_max_diff,1404.5,1
208,molecule_atom_index_0_dist_x_max_div,1196.5,1
209,molecule_atom_index_0_dist_x_std,1545.5,1
210,molecule_atom_index_0_dist_x_std_diff,1659.5,1
211,molecule_atom_index_0_dist_x_std_div,1153.5,1
212,molecule_atom_index_0_dist_x_min,2812.0,1
213,molecule_atom_index_0_dist_x_min_diff,1886.5,1
214,molecule_atom_index_0_dist_x_min_div,2364.0,1
215,molecule_atom_index_0_dist_y_mean,1856.5,1
216,molecule_atom_index_0_dist_y_mean_diff,1800.0,1
217,molecule_atom_index_0_dist_y_mean_div,1507.0,1
218,molecule_atom_index_0_dist_y_max,1701.0,1
219,molecule_atom_index_0_dist_y_max_diff,1647.5,1
220,molecule_atom_index_0_dist_y_max_div,1223.5,1
221,molecule_atom_index_0_dist_y_std,1733.0,1
222,molecule_atom_index_0_dist_y_std_diff,1883.0,1
223,molecule_atom_index_0_dist_y_std_div,1174.0,1
224,molecule_atom_index_0_dist_y_min,2901.5,1
225,molecule_atom_index_0_dist_y_min_diff,2063.0,1
226,molecule_atom_index_0_dist_y_min_div,2338.5,1
227,molecule_atom_index_0_dist_z_mean,1744.0,1
228,molecule_atom_index_0_dist_z_mean_diff,1848.0,1
229,molecule_atom_index_0_dist_z_mean_div,1365.0,1
230,molecule_atom_index_0_dist_z_max,1482.5,1
231,molecule_atom_index_0_dist_z_max_diff,1411.0,1
232,molecule_atom_index_0_dist_z_max_div,1139.5,1
233,molecule_atom_index_0_dist_z_std,1575.5,1
234,molecule_atom_index_0_dist_z_std_diff,1681.5,1
235,molecule_atom_index_0_dist_z_std_div,1055.0,1
236,molecule_atom_index_0_dist_z_min,2717.0,1
237,molecule_atom_index_0_dist_z_min_diff,1964.0,1
238,molecule_atom_index_0_dist_z_min_div,2280.5,1
239,molecule_atom_index_1_x_1_mean,302.5,1
240,molecule_atom_index_1_x_1_mean_diff,592.0,1
241,molecule_atom_index_1_x_1_mean_div,0.0,1
242,molecule_atom_index_1_x_1_max,92.0,1
243,molecule_atom_index_1_x_1_max_diff,0.0,1
244,molecule_atom_index_1_x_1_max_div,0.0,1
245,molecule_atom_index_1_x_1_std,0.0,1
246,molecule_atom_index_1_x_1_std_diff,627.0,1
247,molecule_atom_index_1_x_1_std_div,0.0,1
248,molecule_atom_index_1_x_1_min,35.5,1
249,molecule_atom_index_1_x_1_min_diff,0.0,1
250,molecule_atom_index_1_x_1_min_div,0.0,1
251,molecule_atom_index_1_y_1_mean,243.0,1
252,molecule_atom_index_1_y_1_mean_diff,595.0,1
253,molecule_atom_index_1_y_1_mean_div,0.0,1
254,molecule_atom_index_1_y_1_max,102.0,1
255,molecule_atom_index_1_y_1_max_diff,0.0,1
256,molecule_atom_index_1_y_1_max_div,0.0,1
257,molecule_atom_index_1_y_1_std,0.0,1
258,molecule_atom_index_1_y_1_std_diff,555.0,1
259,molecule_atom_index_1_y_1_std_div,0.0,1
260,molecule_atom_index_1_y_1_min,31.0,1
261,molecule_atom_index_1_y_1_min_diff,0.0,1
262,molecule_atom_index_1_y_1_min_div,0.0,1
263,molecule_atom_index_1_z_1_mean,314.5,1
264,molecule_atom_index_1_z_1_mean_diff,660.0,1
265,molecule_atom_index_1_z_1_mean_div,0.0,1
266,molecule_atom_index_1_z_1_max,143.5,1
267,molecule_atom_index_1_z_1_max_diff,0.0,1
268,molecule_atom_index_1_z_1_max_div,0.0,1
269,molecule_atom_index_1_z_1_std,0.0,1
270,molecule_atom_index_1_z_1_std_diff,667.5,1
271,molecule_atom_index_1_z_1_std_div,0.0,1
272,molecule_atom_index_1_z_1_min,27.5,1
273,molecule_atom_index_1_z_1_min_diff,0.0,1
274,molecule_atom_index_1_z_1_min_div,0.0,1
275,molecule_atom_index_1_dist_mean,709.5,1
276,molecule_atom_index_1_dist_mean_diff,1173.0,1
277,molecule_atom_index_1_dist_mean_div,1277.0,1
278,molecule_atom_index_1_dist_max,842.0,1
279,molecule_atom_index_1_dist_max_diff,1321.0,1
280,molecule_atom_index_1_dist_max_div,1724.5,1
281,molecule_atom_index_1_dist_std,867.0,1
282,molecule_atom_index_1_dist_std_diff,1589.5,1
283,molecule_atom_index_1_dist_std_div,1074.5,1
284,molecule_atom_index_1_dist_min,1128.0,1
285,molecule_atom_index_1_dist_min_diff,1461.0,1
286,molecule_atom_index_1_dist_min_div,978.0,1
287,molecule_atom_index_1_dist_x_mean,1771.5,1
288,molecule_atom_index_1_dist_x_mean_diff,1726.0,1
289,molecule_atom_index_1_dist_x_mean_div,1088.0,1
290,molecule_atom_index_1_dist_x_max,1518.5,1
291,molecule_atom_index_1_dist_x_max_diff,1479.0,1
292,molecule_atom_index_1_dist_x_max_div,1055.0,1
293,molecule_atom_index_1_dist_x_std,1724.5,1
294,molecule_atom_index_1_dist_x_std_diff,1745.0,1
295,molecule_atom_index_1_dist_x_std_div,1204.5,1
296,molecule_atom_index_1_dist_x_min,2885.5,1
297,molecule_atom_index_1_dist_x_min_diff,1170.0,1
298,molecule_atom_index_1_dist_x_min_div,2147.0,1
299,molecule_atom_index_1_dist_y_mean,1833.5,1
300,molecule_atom_index_1_dist_y_mean_diff,1834.5,1
301,molecule_atom_index_1_dist_y_mean_div,1182.5,1
302,molecule_atom_index_1_dist_y_max,1627.0,1
303,molecule_atom_index_1_dist_y_max_diff,1547.0,1
304,molecule_atom_index_1_dist_y_max_div,1096.5,1
305,molecule_atom_index_1_dist_y_std,1825.5,1
306,molecule_atom_index_1_dist_y_std_diff,1923.0,1
307,molecule_atom_index_1_dist_y_std_div,1274.0,1
308,molecule_atom_index_1_dist_y_min,2978.5,1
309,molecule_atom_index_1_dist_y_min_diff,1400.5,1
310,molecule_atom_index_1_dist_y_min_div,2166.0,1
311,molecule_atom_index_1_dist_z_mean,1899.0,1
312,molecule_atom_index_1_dist_z_mean_diff,1791.5,1
313,molecule_atom_index_1_dist_z_mean_div,1002.5,1
314,molecule_atom_index_1_dist_z_max,1552.0,1
315,molecule_atom_index_1_dist_z_max_diff,1495.5,1
316,molecule_atom_index_1_dist_z_max_div,984.5,1
317,molecule_atom_index_1_dist_z_std,1705.5,1
318,molecule_atom_index_1_dist_z_std_diff,1868.0,1
319,molecule_atom_index_1_dist_z_std_div,1135.5,1
320,molecule_atom_index_1_dist_z_min,2867.0,1
321,molecule_atom_index_1_dist_z_min_diff,1160.0,1
322,molecule_atom_index_1_dist_z_min_div,1976.5,1
323,molecule_type_x_1_mean,1169.5,1
324,molecule_type_x_1_mean_diff,1196.0,1
325,molecule_type_x_1_mean_div,1601.0,1
326,molecule_type_x_1_max,1250.5,1
327,molecule_type_x_1_max_diff,1018.0,1
328,molecule_type_x_1_max_div,825.0,1
329,molecule_type_x_1_std,1841.0,1
330,molecule_type_x_1_std_diff,1011.0,1
331,molecule_type_x_1_std_div,1012.0,1
332,molecule_type_x_1_min,1209.5,1
333,molecule_type_x_1_min_diff,981.5,1
334,molecule_type_x_1_min_div,1020.5,1
335,molecule_type_y_1_mean,1326.5,1
336,molecule_type_y_1_mean_diff,1234.5,1
337,molecule_type_y_1_mean_div,1853.5,1
338,molecule_type_y_1_max,1583.5,1
339,molecule_type_y_1_max_diff,764.5,1
340,molecule_type_y_1_max_div,858.0,1
341,molecule_type_y_1_std,1664.5,1
342,molecule_type_y_1_std_diff,852.5,1
343,molecule_type_y_1_std_div,983.5,1
344,molecule_type_y_1_min,1183.5,1
345,molecule_type_y_1_min_diff,1054.5,1
346,molecule_type_y_1_min_div,841.5,1
347,molecule_type_z_1_mean,1494.5,1
348,molecule_type_z_1_mean_diff,1260.0,1
349,molecule_type_z_1_mean_div,1920.0,1
350,molecule_type_z_1_max,1333.5,1
351,molecule_type_z_1_max_diff,1087.0,1
352,molecule_type_z_1_max_div,954.5,1
353,molecule_type_z_1_std,1862.0,1
354,molecule_type_z_1_std_diff,1101.0,1
355,molecule_type_z_1_std_div,1048.0,1
356,molecule_type_z_1_min,1368.0,1
357,molecule_type_z_1_min_diff,1043.5,1
358,molecule_type_z_1_min_div,983.5,1
359,molecule_type_dist_mean,2507.0,1
360,molecule_type_dist_mean_diff,2254.5,1
361,molecule_type_dist_mean_div,1450.0,1
362,molecule_type_dist_max,3021.0,1
363,molecule_type_dist_max_diff,2310.5,1
364,molecule_type_dist_max_div,1591.0,1
365,molecule_type_dist_std,2203.5,1
366,molecule_type_dist_std_diff,2752.0,1
367,molecule_type_dist_std_div,1578.0,1
368,molecule_type_dist_min,2609.0,1
369,molecule_type_dist_min_diff,2182.0,1
370,molecule_type_dist_min_div,1473.0,1
371,molecule_type_dist_x_mean,2134.0,1
372,molecule_type_dist_x_mean_diff,1109.5,1
373,molecule_type_dist_x_mean_div,808.0,1
374,molecule_type_dist_x_max,2433.5,1
375,molecule_type_dist_x_max_diff,1345.5,1
376,molecule_type_dist_x_max_div,529.0,1
377,molecule_type_dist_x_std,2333.0,1
378,molecule_type_dist_x_std_diff,939.0,1
379,molecule_type_dist_x_std_div,851.0,1
380,molecule_type_dist_x_min,2210.5,1
381,molecule_type_dist_x_min_diff,844.0,1
382,molecule_type_dist_x_min_div,1989.5,1
383,molecule_type_dist_y_mean,1929.5,1
384,molecule_type_dist_y_mean_diff,1251.5,1
385,molecule_type_dist_y_mean_div,944.5,1
386,molecule_type_dist_y_max,1918.5,1
387,molecule_type_dist_y_max_diff,1550.0,1
388,molecule_type_dist_y_max_div,803.5,1
389,molecule_type_dist_y_std,1955.0,1
390,molecule_type_dist_y_std_diff,1150.0,1
391,molecule_type_dist_y_std_div,1027.0,1
392,molecule_type_dist_y_min,2327.0,1
393,molecule_type_dist_y_min_diff,1035.5,1
394,molecule_type_dist_y_min_div,2122.5,1
395,molecule_type_dist_z_mean,2076.0,1
396,molecule_type_dist_z_mean_diff,1166.0,1
397,molecule_type_dist_z_mean_div,924.5,1
398,molecule_type_dist_z_max,2586.5,1
399,molecule_type_dist_z_max_diff,1325.5,1
400,molecule_type_dist_z_max_div,527.5,1
401,molecule_type_dist_z_std,2533.5,1
402,molecule_type_dist_z_std_diff,931.0,1
403,molecule_type_dist_z_std_div,804.5,1
404,molecule_type_dist_z_min,2241.5,1
405,molecule_type_dist_z_min_diff,797.0,1
406,molecule_type_dist_z_min_div,1994.0,1
407,molecule_atom_1_x_1_mean,1121.0,1
408,molecule_atom_1_x_1_mean_diff,1181.5,1
409,molecule_atom_1_x_1_mean_div,1629.5,1
410,molecule_atom_1_x_1_max,1210.0,1
411,molecule_atom_1_x_1_max_diff,1074.0,1
412,molecule_atom_1_x_1_max_div,769.0,1
413,molecule_atom_1_x_1_std,1974.0,1
414,molecule_atom_1_x_1_std_diff,811.5,1
415,molecule_atom_1_x_1_std_div,897.0,1
416,molecule_atom_1_x_1_min,1096.5,1
417,molecule_atom_1_x_1_min_diff,992.0,1
418,molecule_atom_1_x_1_min_div,914.0,1
419,molecule_atom_1_y_1_mean,1315.5,1
420,molecule_atom_1_y_1_mean_diff,1165.0,1
421,molecule_atom_1_y_1_mean_div,1647.0,1
422,molecule_atom_1_y_1_max,1149.0,1
423,molecule_atom_1_y_1_max_diff,643.5,1
424,molecule_atom_1_y_1_max_div,733.0,1
425,molecule_atom_1_y_1_std,1605.0,1
426,molecule_atom_1_y_1_std_diff,773.0,1
427,molecule_atom_1_y_1_std_div,955.0,1
428,molecule_atom_1_y_1_min,1193.5,1
429,molecule_atom_1_y_1_min_diff,1188.5,1
430,molecule_atom_1_y_1_min_div,755.5,1
431,molecule_atom_1_z_1_mean,1400.0,1
432,molecule_atom_1_z_1_mean_diff,1219.5,1
433,molecule_atom_1_z_1_mean_div,1984.5,1
434,molecule_atom_1_z_1_max,1335.5,1
435,molecule_atom_1_z_1_max_diff,1080.5,1
436,molecule_atom_1_z_1_max_div,915.5,1
437,molecule_atom_1_z_1_std,1781.5,1
438,molecule_atom_1_z_1_std_diff,983.5,1
439,molecule_atom_1_z_1_std_div,904.5,1
440,molecule_atom_1_z_1_min,1292.0,1
441,molecule_atom_1_z_1_min_diff,1094.5,1
442,molecule_atom_1_z_1_min_div,902.0,1
443,molecule_atom_1_dist_mean,1931.5,1
444,molecule_atom_1_dist_mean_diff,1623.0,1
445,molecule_atom_1_dist_mean_div,1839.5,1
446,molecule_atom_1_dist_max,1475.0,1
447,molecule_atom_1_dist_max_diff,1789.0,1
448,molecule_atom_1_dist_max_div,2283.5,1
449,molecule_atom_1_dist_std,2163.5,1
450,molecule_atom_1_dist_std_diff,2076.5,1
451,molecule_atom_1_dist_std_div,1657.5,1
452,molecule_atom_1_dist_min,1025.0,1
453,molecule_atom_1_dist_min_diff,555.5,1
454,molecule_atom_1_dist_min_div,455.5,1
455,molecule_atom_1_dist_x_mean,1936.0,1
456,molecule_atom_1_dist_x_mean_diff,1874.5,1
457,molecule_atom_1_dist_x_mean_div,835.0,1
458,molecule_atom_1_dist_x_max,2038.5,1
459,molecule_atom_1_dist_x_max_diff,2020.0,1
460,molecule_atom_1_dist_x_max_div,893.5,1
461,molecule_atom_1_dist_x_std,1854.5,1
462,molecule_atom_1_dist_x_std_diff,1886.0,1
463,molecule_atom_1_dist_x_std_div,715.0,1
464,molecule_atom_1_dist_x_min,2940.0,1
465,molecule_atom_1_dist_x_min_diff,590.5,1
466,molecule_atom_1_dist_x_min_div,2831.0,1
467,molecule_atom_1_dist_y_mean,2269.5,1
468,molecule_atom_1_dist_y_mean_diff,2055.5,1
469,molecule_atom_1_dist_y_mean_div,923.5,1
470,molecule_atom_1_dist_y_max,2132.5,1
471,molecule_atom_1_dist_y_max_diff,2313.0,1
472,molecule_atom_1_dist_y_max_div,960.0,1
473,molecule_atom_1_dist_y_std,2162.5,1
474,molecule_atom_1_dist_y_std_diff,2047.0,1
475,molecule_atom_1_dist_y_std_div,735.5,1
476,molecule_atom_1_dist_y_min,2950.0,1
477,molecule_atom_1_dist_y_min_diff,781.5,1
478,molecule_atom_1_dist_y_min_div,2951.0,1
479,molecule_atom_1_dist_z_mean,2025.0,1
480,molecule_atom_1_dist_z_mean_diff,1836.5,1
481,molecule_atom_1_dist_z_mean_div,805.0,1
482,molecule_atom_1_dist_z_max,1810.5,1
483,molecule_atom_1_dist_z_max_diff,1998.5,1
484,molecule_atom_1_dist_z_max_div,867.5,1
485,molecule_atom_1_dist_z_std,1735.5,1
486,molecule_atom_1_dist_z_std_diff,1786.0,1
487,molecule_atom_1_dist_z_std_div,758.5,1
488,molecule_atom_1_dist_z_min,2997.5,1
489,molecule_atom_1_dist_z_min_diff,550.0,1
490,molecule_atom_1_dist_z_min_div,2681.5,1
491,molecule_type_0_x_1_mean,997.0,1
492,molecule_type_0_x_1_mean_diff,1086.5,1
493,molecule_type_0_x_1_mean_div,1487.0,1
494,molecule_type_0_x_1_max,1194.0,1
495,molecule_type_0_x_1_max_diff,1011.0,1
496,molecule_type_0_x_1_max_div,710.0,1
497,molecule_type_0_x_1_std,1773.5,1
498,molecule_type_0_x_1_std_diff,788.5,1
499,molecule_type_0_x_1_std_div,851.5,1
500,molecule_type_0_x_1_min,1076.5,1
501,molecule_type_0_x_1_min_diff,899.5,1
502,molecule_type_0_x_1_min_div,847.5,1
503,molecule_type_0_y_1_mean,1184.0,1
504,molecule_type_0_y_1_mean_diff,1079.5,1
505,molecule_type_0_y_1_mean_div,1695.0,1
506,molecule_type_0_y_1_max,1226.0,1
507,molecule_type_0_y_1_max_diff,635.5,1
508,molecule_type_0_y_1_max_div,699.5,1
509,molecule_type_0_y_1_std,1462.0,1
510,molecule_type_0_y_1_std_diff,712.5,1
511,molecule_type_0_y_1_std_div,808.0,1
512,molecule_type_0_y_1_min,1109.0,1
513,molecule_type_0_y_1_min_diff,993.0,1
514,molecule_type_0_y_1_min_div,673.0,1
515,molecule_type_0_z_1_mean,1249.5,1
516,molecule_type_0_z_1_mean_diff,1169.0,1
517,molecule_type_0_z_1_mean_div,1771.5,1
518,molecule_type_0_z_1_max,1220.5,1
519,molecule_type_0_z_1_max_diff,998.0,1
520,molecule_type_0_z_1_max_div,789.5,1
521,molecule_type_0_z_1_std,1724.0,1
522,molecule_type_0_z_1_std_diff,926.5,1
523,molecule_type_0_z_1_std_div,856.0,1
524,molecule_type_0_z_1_min,1261.0,1
525,molecule_type_0_z_1_min_diff,1001.0,1
526,molecule_type_0_z_1_min_div,841.5,1
527,molecule_type_0_dist_mean,1856.5,1
528,molecule_type_0_dist_mean_diff,1938.5,1
529,molecule_type_0_dist_mean_div,1360.0,1
530,molecule_type_0_dist_max,1265.5,1
531,molecule_type_0_dist_max_diff,709.5,1
532,molecule_type_0_dist_max_div,527.5,1
533,molecule_type_0_dist_std,1552.0,1
534,molecule_type_0_dist_std_diff,2331.0,1
535,molecule_type_0_dist_std_div,1227.5,1
536,molecule_type_0_dist_min,792.5,1
537,molecule_type_0_dist_min_diff,1787.5,1
538,molecule_type_0_dist_min_div,1270.5,1
539,molecule_type_0_dist_x_mean,2095.0,1
540,molecule_type_0_dist_x_mean_diff,1042.5,1
541,molecule_type_0_dist_x_mean_div,742.0,1
542,molecule_type_0_dist_x_max,1553.5,1
543,molecule_type_0_dist_x_max_diff,1081.0,1
544,molecule_type_0_dist_x_max_div,370.5,1
545,molecule_type_0_dist_x_std,2203.0,1
546,molecule_type_0_dist_x_std_diff,779.5,1
547,molecule_type_0_dist_x_std_div,671.5,1
548,molecule_type_0_dist_x_min,2028.5,1
549,molecule_type_0_dist_x_min_diff,670.5,1
550,molecule_type_0_dist_x_min_div,1859.0,1
551,molecule_type_0_dist_y_mean,1877.0,1
552,molecule_type_0_dist_y_mean_diff,1193.0,1
553,molecule_type_0_dist_y_mean_div,884.0,1
554,molecule_type_0_dist_y_max,1337.0,1
555,molecule_type_0_dist_y_max_diff,1336.5,1
556,molecule_type_0_dist_y_max_div,599.0,1
557,molecule_type_0_dist_y_std,1835.5,1
558,molecule_type_0_dist_y_std_diff,925.5,1
559,molecule_type_0_dist_y_std_div,874.0,1
560,molecule_type_0_dist_y_min,2170.5,1
561,molecule_type_0_dist_y_min_diff,823.0,1
562,molecule_type_0_dist_y_min_div,2014.0,1
563,molecule_type_0_dist_z_mean,2011.5,1
564,molecule_type_0_dist_z_mean_diff,989.0,1
565,molecule_type_0_dist_z_mean_div,805.5,1
566,molecule_type_0_dist_z_max,1564.5,1
567,molecule_type_0_dist_z_max_diff,980.0,1
568,molecule_type_0_dist_z_max_div,431.0,1
569,molecule_type_0_dist_z_std,2330.5,1
570,molecule_type_0_dist_z_std_diff,806.0,1
571,molecule_type_0_dist_z_std_div,738.0,1
572,molecule_type_0_dist_z_min,2083.0,1
573,molecule_type_0_dist_z_min_diff,616.5,1
574,molecule_type_0_dist_z_min_div,1869.5,1
575,dist_inv2,957.5,1
576,atom_index_closest_0,296.5,1
577,distance_closest_0,112.5,1
578,x_closest_0,18.5,1
579,y_closest_0,13.0,1
580,z_closest_0,18.0,1
581,max_distance_x,1148.5,1
582,atom_index_closest_1,524.5,1
583,distance_closest_1,479.5,1
584,x_closest_1,1385.5,1
585,y_closest_1,1213.0,1
586,z_closest_1,1593.0,1
587,max_distance_y,257.0,1
588,atom_index_farthest_0,1546.5,1
589,distance_farthest_0,526.5,1
590,x_farthest_0,2711.0,1
591,y_farthest_0,2712.0,1
592,z_farthest_0,3131.0,1
593,min_distance_x,32.0,1
594,atom_index_farthest_1,922.0,1
595,distance_farthest_1,115.0,1
596,x_farthest_1,2678.0,1
597,y_farthest_1,2386.5,1
598,z_farthest_1,2794.5,1
599,min_distance_y,161.5,1
600,distance_center0,2996.5,1
601,distance_center1,3022.5,1
602,distance_c0,9.0,1
603,distance_c1,50.5,1
604,distance_f0,206.5,1
605,distance_f1,41.0,1
606,cos_c0_c1,3981.5,1
607,cos_f0_f1,4187.5,1
608,cos_c0_f0,5246.5,1
609,cos_c1_f1,3451.0,1
610,cos_center0_center1,3389.5,1
611,cos_c0,770.5,1
612,cos_c1,2402.0,1
613,cos_f0,3200.0,1
614,cos_f1,4087.5,1
615,cos_center0,3462.0,1
616,cos_center1,3666.5,1
617,rc_A,4511.5,1
618,rc_B,3400.0,1
619,rc_C,3800.0,1
620,mu,3580.5,1
621,alpha,2310.0,1
622,homo,4673.0,1
623,lumo,3590.0,1
624,gap,4345.0,1
625,zpve,1424.5,1
626,Cv,2632.0,1
627,freqs_min,4387.5,1
628,freqs_max,3310.5,1
629,freqs_mean,2226.0,1
630,mulliken_min,3293.5,1
631,mulliken_max,4238.0,1
632,mulliken_atom_0,6497.5,1
633,mulliken_atom_1,5279.5,1
634,type_1JHN,0.0,1
635,type_2JHC,0.0,1
636,type_2JHH,0.0,1
637,type_2JHN,0.0,1
638,type_3JHC,0.0,1
639,type_3JHH,0.0,1
640,type_3JHN,0.0,1
641,atom_1_H,0.0,1
642,atom_1_N,0.0,1
643,flatness_metric,4042.5,1
644,thinness_metric,3011.0,1
645,roundness_metric,3071.5,1
646,bond_angle_plane,4897.0,1
647,bond_angle_axis,4385.0,1
0,molecule_name,2438.5,2
1,id,1502.5,2
2,type,0.0,2
3,inv_dist0,2854.0,2
4,inv_dist1,2177.0,2
5,inv_distP,2216.0,2
6,inv_dist0R,2664.5,2
7,inv_dist1R,2849.5,2
8,inv_distPR,2727.5,2
9,inv_dist0E,2869.5,2
10,inv_dist1E,1960.0,2
11,inv_distPE,2497.5,2
12,linkM0,5369.0,2
13,linkM1,4897.5,2
14,min_molecule_atom_0_dist_xyz,2255.5,2
15,mean_molecule_atom_0_dist_xyz,2281.0,2
16,max_molecule_atom_0_dist_xyz,3250.0,2
17,sd_molecule_atom_0_dist_xyz,2319.5,2
18,min_molecule_atom_1_dist_xyz,2694.0,2
19,mean_molecule_atom_1_dist_xyz,1709.5,2
20,max_molecule_atom_1_dist_xyz,2021.5,2
21,sd_molecule_atom_1_dist_xyz,2201.5,2
22,coulomb_C.x,2285.5,2
23,coulomb_F.x,25.0,2
24,coulomb_H.x,1598.5,2
25,coulomb_N.x,1041.0,2
26,coulomb_O.x,2611.0,2
27,yukawa_C.x,2739.0,2
28,yukawa_F.x,28.0,2
29,yukawa_H.x,2557.5,2
30,yukawa_N.x,1441.0,2
31,yukawa_O.x,3595.0,2
32,vander_C.x,2625.0,2
33,vander_F.x,17.0,2
34,vander_H.x,2124.5,2
35,vander_N.x,1182.5,2
36,vander_O.x,2987.5,2
37,coulomb_C.y,2074.0,2
38,coulomb_F.y,19.5,2
39,coulomb_H.y,1406.5,2
40,coulomb_N.y,1131.0,2
41,coulomb_O.y,2425.0,2
42,yukawa_C.y,2556.5,2
43,yukawa_F.y,35.0,2
44,yukawa_H.y,2178.5,2
45,yukawa_N.y,1491.5,2
46,yukawa_O.y,3317.0,2
47,vander_C.y,2214.5,2
48,vander_F.y,19.5,2
49,vander_H.y,1705.0,2
50,vander_N.y,1689.5,2
51,vander_O.y,3292.5,2
52,distC0,3924.5,2
53,distH0,0.0,2
54,distN0,0.0,2
55,distC1,3133.5,2
56,distH1,0.0,2
57,distN1,0.0,2
58,adH1,6417.5,2
59,adH2,3138.0,2
60,adH3,884.0,2
61,adH4,172.0,2
62,adC1,6611.5,2
63,adC2,7467.0,2
64,adC3,7614.0,2
65,adC4,5741.5,2
66,adN1,4372.0,2
67,adN2,924.5,2
68,adN3,78.0,2
69,adN4,0.5,2
70,NC,95.5,2
71,NH,117.0,2
72,NN,153.0,2
73,NF,0.5,2
74,NO,162.5,2
75,atom_index_0,602.5,2
76,atom_index_1,652.0,2
77,atom_0,0.0,2
78,x_0,1564.0,2
79,y_0,1496.0,2
80,z_0,1713.0,2
81,dist_C_0_x,2271.0,2
82,dist_C_1_x,2627.5,2
83,dist_C_2_x,3073.0,2
84,dist_C_3_x,3450.5,2
85,dist_C_4_x,4701.5,2
86,dist_F_0_x,9.5,2
87,dist_F_1_x,4.5,2
88,dist_F_2_x,6.0,2
89,dist_F_3_x,0.0,2
90,dist_F_4_x,0.0,2
91,dist_H_0_x,2518.0,2
92,dist_H_1_x,3002.5,2
93,dist_H_2_x,3521.5,2
94,dist_H_3_x,3442.0,2
95,dist_H_4_x,3938.5,2
96,dist_N_0_x,2967.0,2
97,dist_N_1_x,733.5,2
98,dist_N_2_x,199.5,2
99,dist_N_3_x,29.0,2
100,dist_N_4_x,1.5,2
101,dist_O_0_x,4862.0,2
102,dist_O_1_x,2545.0,2
103,dist_O_2_x,499.5,2
104,dist_O_3_x,34.0,2
105,dist_O_4_x,0.0,2
106,atom_1,0.0,2
107,x_1,737.0,2
108,y_1,697.5,2
109,z_1,848.5,2
110,dist_C_0_y,2545.0,2
111,dist_C_1_y,2689.5,2
112,dist_C_2_y,3230.5,2
113,dist_C_3_y,4054.5,2
114,dist_C_4_y,4949.5,2
115,dist_F_0_y,9.0,2
116,dist_F_1_y,2.5,2
117,dist_F_2_y,6.5,2
118,dist_F_3_y,0.0,2
119,dist_F_4_y,0.0,2
120,dist_H_0_y,3094.0,2
121,dist_H_1_y,2063.5,2
122,dist_H_2_y,2303.5,2
123,dist_H_3_y,2671.0,2
124,dist_H_4_y,2803.0,2
125,dist_N_0_y,2640.5,2
126,dist_N_1_y,700.5,2
127,dist_N_2_y,173.0,2
128,dist_N_3_y,23.0,2
129,dist_N_4_y,6.5,2
130,dist_O_0_y,4225.5,2
131,dist_O_1_y,2242.0,2
132,dist_O_2_y,523.0,2
133,dist_O_3_y,39.0,2
134,dist_O_4_y,0.0,2
135,c_x,1113.5,2
136,c_y,1282.5,2
137,c_z,1425.5,2
138,dist,856.5,2
139,dist_x,532.0,2
140,dist_y,682.0,2
141,dist_z,545.5,2
142,type_0,0.0,2
143,molecule_couples,1400.0,2
144,molecule_dist_mean,2805.5,2
145,molecule_dist_min,2024.0,2
146,molecule_dist_max,2328.0,2
147,molecule_dist_std,2770.0,2
148,atom_0_couples_count,297.0,2
149,atom_1_couples_count,354.0,2
150,molecule_atom_index_0_count,529.0,2
151,molecule_atom_index_1_count,211.0,2
152,molecule_type_count,97.0,2
153,molecule_atom_1_count,32.0,2
154,molecule_type_0_count,15.0,2
155,molecule_atom_index_0_x_1_mean,1266.5,2
156,molecule_atom_index_0_x_1_mean_diff,2044.0,2
157,molecule_atom_index_0_x_1_mean_div,2275.0,2
158,molecule_atom_index_0_x_1_max,1457.0,2
159,molecule_atom_index_0_x_1_max_diff,1775.0,2
160,molecule_atom_index_0_x_1_max_div,1179.0,2
161,molecule_atom_index_0_x_1_std,2335.0,2
162,molecule_atom_index_0_x_1_std_diff,998.5,2
163,molecule_atom_index_0_x_1_std_div,1167.0,2
164,molecule_atom_index_0_x_1_min,1449.5,2
165,molecule_atom_index_0_x_1_min_diff,1828.5,2
166,molecule_atom_index_0_x_1_min_div,1408.5,2
167,molecule_atom_index_0_y_1_mean,1205.0,2
168,molecule_atom_index_0_y_1_mean_diff,2086.5,2
169,molecule_atom_index_0_y_1_mean_div,2018.5,2
170,molecule_atom_index_0_y_1_max,1357.5,2
171,molecule_atom_index_0_y_1_max_diff,1850.0,2
172,molecule_atom_index_0_y_1_max_div,1523.0,2
173,molecule_atom_index_0_y_1_std,2468.0,2
174,molecule_atom_index_0_y_1_std_diff,958.5,2
175,molecule_atom_index_0_y_1_std_div,1173.5,2
176,molecule_atom_index_0_y_1_min,1385.0,2
177,molecule_atom_index_0_y_1_min_diff,1889.0,2
178,molecule_atom_index_0_y_1_min_div,1183.5,2
179,molecule_atom_index_0_z_1_mean,1702.5,2
180,molecule_atom_index_0_z_1_mean_diff,2064.5,2
181,molecule_atom_index_0_z_1_mean_div,2658.0,2
182,molecule_atom_index_0_z_1_max,1812.0,2
183,molecule_atom_index_0_z_1_max_diff,1898.0,2
184,molecule_atom_index_0_z_1_max_div,1242.5,2
185,molecule_atom_index_0_z_1_std,2301.5,2
186,molecule_atom_index_0_z_1_std_diff,1218.0,2
187,molecule_atom_index_0_z_1_std_div,1187.5,2
188,molecule_atom_index_0_z_1_min,1773.0,2
189,molecule_atom_index_0_z_1_min_diff,1805.5,2
190,molecule_atom_index_0_z_1_min_div,1255.5,2
191,molecule_atom_index_0_dist_mean,971.0,2
192,molecule_atom_index_0_dist_mean_diff,1584.5,2
193,molecule_atom_index_0_dist_mean_div,1953.5,2
194,molecule_atom_index_0_dist_max,1333.0,2
195,molecule_atom_index_0_dist_max_diff,1968.5,2
196,molecule_atom_index_0_dist_max_div,2846.0,2
197,molecule_atom_index_0_dist_std,916.0,2
198,molecule_atom_index_0_dist_std_diff,1893.5,2
199,molecule_atom_index_0_dist_std_div,1406.0,2
200,molecule_atom_index_0_dist_min,337.0,2
201,molecule_atom_index_0_dist_min_diff,0.0,2
202,molecule_atom_index_0_dist_min_div,0.0,2
203,molecule_atom_index_0_dist_x_mean,1698.5,2
204,molecule_atom_index_0_dist_x_mean_diff,1636.0,2
205,molecule_atom_index_0_dist_x_mean_div,1431.5,2
206,molecule_atom_index_0_dist_x_max,1494.0,2
207,molecule_atom_index_0_dist_x_max_diff,1430.5,2
208,molecule_atom_index_0_dist_x_max_div,1223.5,2
209,molecule_atom_index_0_dist_x_std,1581.5,2
210,molecule_atom_index_0_dist_x_std_diff,1656.5,2
211,molecule_atom_index_0_dist_x_std_div,1109.5,2
212,molecule_atom_index_0_dist_x_min,2748.5,2
213,molecule_atom_index_0_dist_x_min_diff,2000.0,2
214,molecule_atom_index_0_dist_x_min_div,2465.0,2
215,molecule_atom_index_0_dist_y_mean,1892.0,2
216,molecule_atom_index_0_dist_y_mean_diff,1896.0,2
217,molecule_atom_index_0_dist_y_mean_div,1481.0,2
218,molecule_atom_index_0_dist_y_max,1751.0,2
219,molecule_atom_index_0_dist_y_max_diff,1643.5,2
220,molecule_atom_index_0_dist_y_max_div,1235.0,2
221,molecule_atom_index_0_dist_y_std,1735.0,2
222,molecule_atom_index_0_dist_y_std_diff,1853.0,2
223,molecule_atom_index_0_dist_y_std_div,1146.5,2
224,molecule_atom_index_0_dist_y_min,2897.5,2
225,molecule_atom_index_0_dist_y_min_diff,2002.0,2
226,molecule_atom_index_0_dist_y_min_div,2249.0,2
227,molecule_atom_index_0_dist_z_mean,1720.0,2
228,molecule_atom_index_0_dist_z_mean_diff,1723.5,2
229,molecule_atom_index_0_dist_z_mean_div,1370.0,2
230,molecule_atom_index_0_dist_z_max,1527.0,2
231,molecule_atom_index_0_dist_z_max_diff,1421.5,2
232,molecule_atom_index_0_dist_z_max_div,1095.5,2
233,molecule_atom_index_0_dist_z_std,1553.5,2
234,molecule_atom_index_0_dist_z_std_diff,1690.5,2
235,molecule_atom_index_0_dist_z_std_div,1120.0,2
236,molecule_atom_index_0_dist_z_min,2691.0,2
237,molecule_atom_index_0_dist_z_min_diff,1840.0,2
238,molecule_atom_index_0_dist_z_min_div,2204.0,2
239,molecule_atom_index_1_x_1_mean,308.5,2
240,molecule_atom_index_1_x_1_mean_diff,701.5,2
241,molecule_atom_index_1_x_1_mean_div,0.0,2
242,molecule_atom_index_1_x_1_max,114.5,2
243,molecule_atom_index_1_x_1_max_diff,0.0,2
244,molecule_atom_index_1_x_1_max_div,0.0,2
245,molecule_atom_index_1_x_1_std,0.0,2
246,molecule_atom_index_1_x_1_std_diff,630.5,2
247,molecule_atom_index_1_x_1_std_div,0.0,2
248,molecule_atom_index_1_x_1_min,38.0,2
249,molecule_atom_index_1_x_1_min_diff,0.0,2
250,molecule_atom_index_1_x_1_min_div,0.0,2
251,molecule_atom_index_1_y_1_mean,261.5,2
252,molecule_atom_index_1_y_1_mean_diff,636.5,2
253,molecule_atom_index_1_y_1_mean_div,0.0,2
254,molecule_atom_index_1_y_1_max,97.5,2
255,molecule_atom_index_1_y_1_max_diff,0.0,2
256,molecule_atom_index_1_y_1_max_div,0.0,2
257,molecule_atom_index_1_y_1_std,0.0,2
258,molecule_atom_index_1_y_1_std_diff,614.5,2
259,molecule_atom_index_1_y_1_std_div,0.0,2
260,molecule_atom_index_1_y_1_min,28.5,2
261,molecule_atom_index_1_y_1_min_diff,0.0,2
262,molecule_atom_index_1_y_1_min_div,0.0,2
263,molecule_atom_index_1_z_1_mean,374.0,2
264,molecule_atom_index_1_z_1_mean_diff,722.5,2
265,molecule_atom_index_1_z_1_mean_div,0.0,2
266,molecule_atom_index_1_z_1_max,137.5,2
267,molecule_atom_index_1_z_1_max_diff,0.0,2
268,molecule_atom_index_1_z_1_max_div,0.0,2
269,molecule_atom_index_1_z_1_std,0.0,2
270,molecule_atom_index_1_z_1_std_diff,708.5,2
271,molecule_atom_index_1_z_1_std_div,0.0,2
272,molecule_atom_index_1_z_1_min,31.5,2
273,molecule_atom_index_1_z_1_min_diff,0.0,2
274,molecule_atom_index_1_z_1_min_div,0.0,2
275,molecule_atom_index_1_dist_mean,725.0,2
276,molecule_atom_index_1_dist_mean_diff,1134.0,2
277,molecule_atom_index_1_dist_mean_div,1327.5,2
278,molecule_atom_index_1_dist_max,839.5,2
279,molecule_atom_index_1_dist_max_diff,1305.5,2
280,molecule_atom_index_1_dist_max_div,1821.5,2
281,molecule_atom_index_1_dist_std,854.5,2
282,molecule_atom_index_1_dist_std_diff,1550.0,2
283,molecule_atom_index_1_dist_std_div,1156.5,2
284,molecule_atom_index_1_dist_min,1042.0,2
285,molecule_atom_index_1_dist_min_diff,1458.5,2
286,molecule_atom_index_1_dist_min_div,983.5,2
287,molecule_atom_index_1_dist_x_mean,1785.5,2
288,molecule_atom_index_1_dist_x_mean_diff,1702.0,2
289,molecule_atom_index_1_dist_x_mean_div,1042.0,2
290,molecule_atom_index_1_dist_x_max,1502.0,2
291,molecule_atom_index_1_dist_x_max_diff,1451.0,2
292,molecule_atom_index_1_dist_x_max_div,1034.5,2
293,molecule_atom_index_1_dist_x_std,1738.5,2
294,molecule_atom_index_1_dist_x_std_diff,1839.0,2
295,molecule_atom_index_1_dist_x_std_div,1230.5,2
296,molecule_atom_index_1_dist_x_min,2900.5,2
297,molecule_atom_index_1_dist_x_min_diff,1140.5,2
298,molecule_atom_index_1_dist_x_min_div,2099.5,2
299,molecule_atom_index_1_dist_y_mean,1761.5,2
300,molecule_atom_index_1_dist_y_mean_diff,1764.5,2
301,molecule_atom_index_1_dist_y_mean_div,1193.5,2
302,molecule_atom_index_1_dist_y_max,1613.0,2
303,molecule_atom_index_1_dist_y_max_diff,1572.5,2
304,molecule_atom_index_1_dist_y_max_div,1100.0,2
305,molecule_atom_index_1_dist_y_std,1819.5,2
306,molecule_atom_index_1_dist_y_std_diff,1912.0,2
307,molecule_atom_index_1_dist_y_std_div,1320.0,2
308,molecule_atom_index_1_dist_y_min,2986.0,2
309,molecule_atom_index_1_dist_y_min_diff,1384.5,2
310,molecule_atom_index_1_dist_y_min_div,2058.5,2
311,molecule_atom_index_1_dist_z_mean,1849.5,2
312,molecule_atom_index_1_dist_z_mean_diff,1726.5,2
313,molecule_atom_index_1_dist_z_mean_div,982.0,2
314,molecule_atom_index_1_dist_z_max,1485.5,2
315,molecule_atom_index_1_dist_z_max_diff,1451.0,2
316,molecule_atom_index_1_dist_z_max_div,912.0,2
317,molecule_atom_index_1_dist_z_std,1749.5,2
318,molecule_atom_index_1_dist_z_std_diff,1905.5,2
319,molecule_atom_index_1_dist_z_std_div,1116.0,2
320,molecule_atom_index_1_dist_z_min,2854.5,2
321,molecule_atom_index_1_dist_z_min_diff,1202.0,2
322,molecule_atom_index_1_dist_z_min_div,1983.5,2
323,molecule_type_x_1_mean,1183.0,2
324,molecule_type_x_1_mean_diff,1191.5,2
325,molecule_type_x_1_mean_div,1609.5,2
326,molecule_type_x_1_max,1211.0,2
327,molecule_type_x_1_max_diff,1056.5,2
328,molecule_type_x_1_max_div,837.0,2
329,molecule_type_x_1_std,1831.5,2
330,molecule_type_x_1_std_diff,991.0,2
331,molecule_type_x_1_std_div,1054.0,2
332,molecule_type_x_1_min,1196.5,2
333,molecule_type_x_1_min_diff,971.0,2
334,molecule_type_x_1_min_div,954.0,2
335,molecule_type_y_1_mean,1278.5,2
336,molecule_type_y_1_mean_diff,1217.0,2
337,molecule_type_y_1_mean_div,1756.0,2
338,molecule_type_y_1_max,1523.5,2
339,molecule_type_y_1_max_diff,774.5,2
340,molecule_type_y_1_max_div,849.5,2
341,molecule_type_y_1_std,1673.0,2
342,molecule_type_y_1_std_diff,891.0,2
343,molecule_type_y_1_std_div,996.0,2
344,molecule_type_y_1_min,1147.0,2
345,molecule_type_y_1_min_diff,1075.5,2
346,molecule_type_y_1_min_div,766.0,2
347,molecule_type_z_1_mean,1466.0,2
348,molecule_type_z_1_mean_diff,1206.0,2
349,molecule_type_z_1_mean_div,1900.5,2
350,molecule_type_z_1_max,1301.5,2
351,molecule_type_z_1_max_diff,1086.5,2
352,molecule_type_z_1_max_div,917.0,2
353,molecule_type_z_1_std,1870.5,2
354,molecule_type_z_1_std_diff,1107.5,2
355,molecule_type_z_1_std_div,1088.0,2
356,molecule_type_z_1_min,1391.0,2
357,molecule_type_z_1_min_diff,1032.0,2
358,molecule_type_z_1_min_div,990.0,2
359,molecule_type_dist_mean,2463.5,2
360,molecule_type_dist_mean_diff,2249.0,2
361,molecule_type_dist_mean_div,1459.0,2
362,molecule_type_dist_max,2901.5,2
363,molecule_type_dist_max_diff,2252.5,2
364,molecule_type_dist_max_div,1527.0,2
365,molecule_type_dist_std,2201.5,2
366,molecule_type_dist_std_diff,2717.0,2
367,molecule_type_dist_std_div,1665.0,2
368,molecule_type_dist_min,2614.5,2
369,molecule_type_dist_min_diff,2212.5,2
370,molecule_type_dist_min_div,1480.0,2
371,molecule_type_dist_x_mean,2093.0,2
372,molecule_type_dist_x_mean_diff,1076.0,2
373,molecule_type_dist_x_mean_div,836.5,2
374,molecule_type_dist_x_max,2436.5,2
375,molecule_type_dist_x_max_diff,1317.5,2
376,molecule_type_dist_x_max_div,503.5,2
377,molecule_type_dist_x_std,2373.0,2
378,molecule_type_dist_x_std_diff,960.5,2
379,molecule_type_dist_x_std_div,855.0,2
380,molecule_type_dist_x_min,2200.0,2
381,molecule_type_dist_x_min_diff,864.0,2
382,molecule_type_dist_x_min_div,1932.5,2
383,molecule_type_dist_y_mean,1852.0,2
384,molecule_type_dist_y_mean_diff,1266.5,2
385,molecule_type_dist_y_mean_div,997.5,2
386,molecule_type_dist_y_max,1937.0,2
387,molecule_type_dist_y_max_diff,1545.0,2
388,molecule_type_dist_y_max_div,725.0,2
389,molecule_type_dist_y_std,1950.5,2
390,molecule_type_dist_y_std_diff,1173.0,2
391,molecule_type_dist_y_std_div,982.0,2
392,molecule_type_dist_y_min,2199.0,2
393,molecule_type_dist_y_min_diff,992.0,2
394,molecule_type_dist_y_min_div,2200.0,2
395,molecule_type_dist_z_mean,2029.5,2
396,molecule_type_dist_z_mean_diff,1123.5,2
397,molecule_type_dist_z_mean_div,883.0,2
398,molecule_type_dist_z_max,2512.5,2
399,molecule_type_dist_z_max_diff,1342.5,2
400,molecule_type_dist_z_max_div,498.5,2
401,molecule_type_dist_z_std,2579.5,2
402,molecule_type_dist_z_std_diff,929.0,2
403,molecule_type_dist_z_std_div,842.0,2
404,molecule_type_dist_z_min,2216.5,2
405,molecule_type_dist_z_min_diff,773.5,2
406,molecule_type_dist_z_min_div,1941.0,2
407,molecule_atom_1_x_1_mean,1096.5,2
408,molecule_atom_1_x_1_mean_diff,1105.0,2
409,molecule_atom_1_x_1_mean_div,1667.0,2
410,molecule_atom_1_x_1_max,1203.0,2
411,molecule_atom_1_x_1_max_diff,1027.5,2
412,molecule_atom_1_x_1_max_div,786.0,2
413,molecule_atom_1_x_1_std,1923.0,2
414,molecule_atom_1_x_1_std_diff,816.5,2
415,molecule_atom_1_x_1_std_div,909.5,2
416,molecule_atom_1_x_1_min,1117.5,2
417,molecule_atom_1_x_1_min_diff,998.0,2
418,molecule_atom_1_x_1_min_div,940.5,2
419,molecule_atom_1_y_1_mean,1301.5,2
420,molecule_atom_1_y_1_mean_diff,1163.5,2
421,molecule_atom_1_y_1_mean_div,1574.5,2
422,molecule_atom_1_y_1_max,1212.0,2
423,molecule_atom_1_y_1_max_diff,663.0,2
424,molecule_atom_1_y_1_max_div,720.5,2
425,molecule_atom_1_y_1_std,1641.0,2
426,molecule_atom_1_y_1_std_diff,778.0,2
427,molecule_atom_1_y_1_std_div,901.5,2
428,molecule_atom_1_y_1_min,1170.0,2
429,molecule_atom_1_y_1_min_diff,1217.0,2
430,molecule_atom_1_y_1_min_div,727.5,2
431,molecule_atom_1_z_1_mean,1405.0,2
432,molecule_atom_1_z_1_mean_diff,1230.0,2
433,molecule_atom_1_z_1_mean_div,1977.5,2
434,molecule_atom_1_z_1_max,1264.5,2
435,molecule_atom_1_z_1_max_diff,1080.0,2
436,molecule_atom_1_z_1_max_div,851.0,2
437,molecule_atom_1_z_1_std,1838.5,2
438,molecule_atom_1_z_1_std_diff,928.5,2
439,molecule_atom_1_z_1_std_div,971.0,2
440,molecule_atom_1_z_1_min,1360.0,2
441,molecule_atom_1_z_1_min_diff,1019.0,2
442,molecule_atom_1_z_1_min_div,928.5,2
443,molecule_atom_1_dist_mean,1895.0,2
444,molecule_atom_1_dist_mean_diff,1571.5,2
445,molecule_atom_1_dist_mean_div,1769.5,2
446,molecule_atom_1_dist_max,1529.0,2
447,molecule_atom_1_dist_max_diff,1726.0,2
448,molecule_atom_1_dist_max_div,2335.0,2
449,molecule_atom_1_dist_std,2193.0,2
450,molecule_atom_1_dist_std_diff,2093.0,2
451,molecule_atom_1_dist_std_div,1672.5,2
452,molecule_atom_1_dist_min,1018.0,2
453,molecule_atom_1_dist_min_diff,530.0,2
454,molecule_atom_1_dist_min_div,440.0,2
455,molecule_atom_1_dist_x_mean,1888.5,2
456,molecule_atom_1_dist_x_mean_diff,1775.5,2
457,molecule_atom_1_dist_x_mean_div,821.0,2
458,molecule_atom_1_dist_x_max,1972.5,2
459,molecule_atom_1_dist_x_max_diff,2008.0,2
460,molecule_atom_1_dist_x_max_div,939.5,2
461,molecule_atom_1_dist_x_std,1811.5,2
462,molecule_atom_1_dist_x_std_diff,1882.0,2
463,molecule_atom_1_dist_x_std_div,730.0,2
464,molecule_atom_1_dist_x_min,2878.5,2
465,molecule_atom_1_dist_x_min_diff,595.0,2
466,molecule_atom_1_dist_x_min_div,2770.0,2
467,molecule_atom_1_dist_y_mean,2256.5,2
468,molecule_atom_1_dist_y_mean_diff,2046.0,2
469,molecule_atom_1_dist_y_mean_div,926.5,2
470,molecule_atom_1_dist_y_max,2125.0,2
471,molecule_atom_1_dist_y_max_diff,2339.0,2
472,molecule_atom_1_dist_y_max_div,995.5,2
473,molecule_atom_1_dist_y_std,2093.0,2
474,molecule_atom_1_dist_y_std_diff,2084.0,2
475,molecule_atom_1_dist_y_std_div,802.5,2
476,molecule_atom_1_dist_y_min,2890.5,2
477,molecule_atom_1_dist_y_min_diff,787.5,2
478,molecule_atom_1_dist_y_min_div,2814.0,2
479,molecule_atom_1_dist_z_mean,1944.0,2
480,molecule_atom_1_dist_z_mean_diff,1887.5,2
481,molecule_atom_1_dist_z_mean_div,807.5,2
482,molecule_atom_1_dist_z_max,1791.5,2
483,molecule_atom_1_dist_z_max_diff,1953.0,2
484,molecule_atom_1_dist_z_max_div,891.0,2
485,molecule_atom_1_dist_z_std,1848.0,2
486,molecule_atom_1_dist_z_std_diff,1817.0,2
487,molecule_atom_1_dist_z_std_div,718.5,2
488,molecule_atom_1_dist_z_min,3001.5,2
489,molecule_atom_1_dist_z_min_diff,575.5,2
490,molecule_atom_1_dist_z_min_div,2575.0,2
491,molecule_type_0_x_1_mean,989.5,2
492,molecule_type_0_x_1_mean_diff,1005.0,2
493,molecule_type_0_x_1_mean_div,1529.0,2
494,molecule_type_0_x_1_max,1170.5,2
495,molecule_type_0_x_1_max_diff,965.0,2
496,molecule_type_0_x_1_max_div,683.0,2
497,molecule_type_0_x_1_std,1788.0,2
498,molecule_type_0_x_1_std_diff,820.0,2
499,molecule_type_0_x_1_std_div,855.5,2
500,molecule_type_0_x_1_min,1077.0,2
501,molecule_type_0_x_1_min_diff,876.5,2
502,molecule_type_0_x_1_min_div,808.5,2
503,molecule_type_0_y_1_mean,1255.5,2
504,molecule_type_0_y_1_mean_diff,1060.0,2
505,molecule_type_0_y_1_mean_div,1616.0,2
506,molecule_type_0_y_1_max,1248.5,2
507,molecule_type_0_y_1_max_diff,648.0,2
508,molecule_type_0_y_1_max_div,703.5,2
509,molecule_type_0_y_1_std,1498.0,2
510,molecule_type_0_y_1_std_diff,730.0,2
511,molecule_type_0_y_1_std_div,874.0,2
512,molecule_type_0_y_1_min,1075.0,2
513,molecule_type_0_y_1_min_diff,981.0,2
514,molecule_type_0_y_1_min_div,654.0,2
515,molecule_type_0_z_1_mean,1335.0,2
516,molecule_type_0_z_1_mean_diff,1095.0,2
517,molecule_type_0_z_1_mean_div,1779.0,2
518,molecule_type_0_z_1_max,1271.5,2
519,molecule_type_0_z_1_max_diff,1007.0,2
520,molecule_type_0_z_1_max_div,782.0,2
521,molecule_type_0_z_1_std,1758.0,2
522,molecule_type_0_z_1_std_diff,963.0,2
523,molecule_type_0_z_1_std_div,853.0,2
524,molecule_type_0_z_1_min,1244.0,2
525,molecule_type_0_z_1_min_diff,973.5,2
526,molecule_type_0_z_1_min_div,832.0,2
527,molecule_type_0_dist_mean,1811.5,2
528,molecule_type_0_dist_mean_diff,1867.0,2
529,molecule_type_0_dist_mean_div,1395.0,2
530,molecule_type_0_dist_max,1256.5,2
531,molecule_type_0_dist_max_diff,651.0,2
532,molecule_type_0_dist_max_div,541.5,2
533,molecule_type_0_dist_std,1615.5,2
534,molecule_type_0_dist_std_diff,2335.0,2
535,molecule_type_0_dist_std_div,1219.5,2
536,molecule_type_0_dist_min,816.0,2
537,molecule_type_0_dist_min_diff,1803.5,2
538,molecule_type_0_dist_min_div,1241.5,2
539,molecule_type_0_dist_x_mean,2076.0,2
540,molecule_type_0_dist_x_mean_diff,1030.5,2
541,molecule_type_0_dist_x_mean_div,735.5,2
542,molecule_type_0_dist_x_max,1473.0,2
543,molecule_type_0_dist_x_max_diff,1016.5,2
544,molecule_type_0_dist_x_max_div,375.0,2
545,molecule_type_0_dist_x_std,2243.5,2
546,molecule_type_0_dist_x_std_diff,788.5,2
547,molecule_type_0_dist_x_std_div,698.0,2
548,molecule_type_0_dist_x_min,2052.0,2
549,molecule_type_0_dist_x_min_diff,654.0,2
550,molecule_type_0_dist_x_min_div,1788.5,2
551,molecule_type_0_dist_y_mean,1840.5,2
552,molecule_type_0_dist_y_mean_diff,1197.5,2
553,molecule_type_0_dist_y_mean_div,891.0,2
554,molecule_type_0_dist_y_max,1354.5,2
555,molecule_type_0_dist_y_max_diff,1278.5,2
556,molecule_type_0_dist_y_max_div,609.5,2
557,molecule_type_0_dist_y_std,1855.5,2
558,molecule_type_0_dist_y_std_diff,977.0,2
559,molecule_type_0_dist_y_std_div,856.5,2
560,molecule_type_0_dist_y_min,2007.5,2
561,molecule_type_0_dist_y_min_diff,803.5,2
562,molecule_type_0_dist_y_min_div,1949.5,2
563,molecule_type_0_dist_z_mean,1989.0,2
564,molecule_type_0_dist_z_mean_diff,1027.5,2
565,molecule_type_0_dist_z_mean_div,795.0,2
566,molecule_type_0_dist_z_max,1522.5,2
567,molecule_type_0_dist_z_max_diff,950.5,2
568,molecule_type_0_dist_z_max_div,413.5,2
569,molecule_type_0_dist_z_std,2337.0,2
570,molecule_type_0_dist_z_std_diff,813.5,2
571,molecule_type_0_dist_z_std_div,708.5,2
572,molecule_type_0_dist_z_min,2098.0,2
573,molecule_type_0_dist_z_min_diff,594.5,2
574,molecule_type_0_dist_z_min_div,1885.0,2
575,dist_inv2,862.0,2
576,atom_index_closest_0,259.5,2
577,distance_closest_0,122.0,2
578,x_closest_0,13.0,2
579,y_closest_0,19.5,2
580,z_closest_0,13.5,2
581,max_distance_x,1191.0,2
582,atom_index_closest_1,557.5,2
583,distance_closest_1,441.5,2
584,x_closest_1,1336.5,2
585,y_closest_1,1210.5,2
586,z_closest_1,1500.0,2
587,max_distance_y,296.0,2
588,atom_index_farthest_0,1583.0,2
589,distance_farthest_0,528.0,2
590,x_farthest_0,2665.0,2
591,y_farthest_0,2675.5,2
592,z_farthest_0,3152.0,2
593,min_distance_x,28.0,2
594,atom_index_farthest_1,904.0,2
595,distance_farthest_1,124.0,2
596,x_farthest_1,2701.0,2
597,y_farthest_1,2402.0,2
598,z_farthest_1,2878.5,2
599,min_distance_y,163.5,2
600,distance_center0,2994.5,2
601,distance_center1,3000.0,2
602,distance_c0,13.5,2
603,distance_c1,64.0,2
604,distance_f0,193.5,2
605,distance_f1,48.0,2
606,cos_c0_c1,3972.5,2
607,cos_f0_f1,4156.0,2
608,cos_c0_f0,5143.5,2
609,cos_c1_f1,3496.5,2
610,cos_center0_center1,3396.0,2
611,cos_c0,888.0,2
612,cos_c1,2319.5,2
613,cos_f0,3177.5,2
614,cos_f1,4041.0,2
615,cos_center0,3477.0,2
616,cos_center1,3624.0,2
617,rc_A,4432.0,2
618,rc_B,3372.5,2
619,rc_C,3635.5,2
620,mu,3692.0,2
621,alpha,2290.5,2
622,homo,4545.5,2
623,lumo,3653.0,2
624,gap,4501.5,2
625,zpve,1427.0,2
626,Cv,2537.5,2
627,freqs_min,4365.5,2
628,freqs_max,3187.0,2
629,freqs_mean,2237.5,2
630,mulliken_min,3202.5,2
631,mulliken_max,4192.5,2
632,mulliken_atom_0,6500.0,2
633,mulliken_atom_1,5413.0,2
634,type_1JHN,0.0,2
635,type_2JHC,0.0,2
636,type_2JHH,0.0,2
637,type_2JHN,0.0,2
638,type_3JHC,0.0,2
639,type_3JHH,0.0,2
640,type_3JHN,0.0,2
641,atom_1_H,0.0,2
642,atom_1_N,0.0,2
643,flatness_metric,4036.5,2
644,thinness_metric,2916.5,2
645,roundness_metric,2943.5,2
646,bond_angle_plane,4966.5,2
647,bond_angle_axis,4460.0,2
