,feature,importance,fold
0,molecule_name,227.5,1
1,id,173.0,1
2,type,0.0,1
3,inv_dist0,272.0,1
4,inv_dist1,157.0,1
5,inv_distP,209.5,1
6,inv_dist0R,265.5,1
7,inv_dist1R,406.0,1
8,inv_distPR,269.0,1
9,inv_dist0E,238.5,1
10,inv_dist1E,120.0,1
11,inv_distPE,185.5,1
12,linkM0,526.0,1
13,linkM1,321.5,1
14,min_molecule_atom_0_dist_xyz,205.0,1
15,mean_molecule_atom_0_dist_xyz,145.5,1
16,max_molecule_atom_0_dist_xyz,253.0,1
17,sd_molecule_atom_0_dist_xyz,191.5,1
18,min_molecule_atom_1_dist_xyz,300.5,1
19,mean_molecule_atom_1_dist_xyz,89.5,1
20,max_molecule_atom_1_dist_xyz,91.5,1
21,sd_molecule_atom_1_dist_xyz,188.0,1
22,coulomb_C.x,185.0,1
23,coulomb_F.x,1.5,1
24,coulomb_H.x,166.0,1
25,coulomb_N.x,136.5,1
26,coulomb_O.x,169.0,1
27,yukawa_C.x,216.0,1
28,yukawa_F.x,0.5,1
29,yukawa_H.x,235.0,1
30,yukawa_N.x,172.0,1
31,yukawa_O.x,269.5,1
32,vander_C.x,221.5,1
33,vander_F.x,1.0,1
34,vander_H.x,226.0,1
35,vander_N.x,247.5,1
36,vander_O.x,211.0,1
37,coulomb_C.y,153.0,1
38,coulomb_F.y,0.5,1
39,coulomb_H.y,164.0,1
40,coulomb_N.y,70.0,1
41,coulomb_O.y,129.0,1
42,yukawa_C.y,160.0,1
43,yukawa_F.y,2.0,1
44,yukawa_H.y,175.0,1
45,yukawa_N.y,79.5,1
46,yukawa_O.y,156.0,1
47,vander_C.y,316.5,1
48,vander_F.y,1.5,1
49,vander_H.y,162.0,1
50,vander_N.y,74.5,1
51,vander_O.y,150.0,1
52,distC0,0.0,1
53,distH0,0.0,1
54,distN0,260.0,1
55,distC1,0.0,1
56,distH1,0.0,1
57,distN1,183.0,1
58,adH1,344.5,1
59,adH2,64.5,1
60,adH3,5.0,1
61,adH4,16.5,1
62,adC1,496.0,1
63,adC2,530.0,1
64,adC3,412.0,1
65,adC4,235.5,1
66,adN1,236.5,1
67,adN2,64.5,1
68,adN3,11.0,1
69,adN4,0.0,1
70,NC,5.0,1
71,NH,4.0,1
72,NN,1.0,1
73,NF,0.5,1
74,NO,14.0,1
75,atom_index_0,36.0,1
76,atom_index_1,30.5,1
77,atom_0,0.0,1
78,x_0,119.5,1
79,y_0,84.0,1
80,z_0,118.0,1
81,dist_C_0_x,267.0,1
82,dist_C_1_x,312.5,1
83,dist_C_2_x,370.5,1
84,dist_C_3_x,515.0,1
85,dist_C_4_x,511.0,1
86,dist_F_0_x,8.0,1
87,dist_F_1_x,0.0,1
88,dist_F_2_x,0.0,1
89,dist_F_3_x,0.0,1
90,dist_F_4_x,0.0,1
91,dist_H_0_x,272.0,1
92,dist_H_1_x,393.0,1
93,dist_H_2_x,389.5,1
94,dist_H_3_x,383.0,1
95,dist_H_4_x,446.5,1
96,dist_N_0_x,276.0,1
97,dist_N_1_x,314.0,1
98,dist_N_2_x,142.5,1
99,dist_N_3_x,51.0,1
100,dist_N_4_x,5.0,1
101,dist_O_0_x,545.5,1
102,dist_O_1_x,210.5,1
103,dist_O_2_x,20.5,1
104,dist_O_3_x,0.0,1
105,dist_O_4_x,0.0,1
106,atom_1,0.0,1
107,x_1,46.5,1
108,y_1,35.0,1
109,z_1,46.5,1
110,dist_C_0_y,276.5,1
111,dist_C_1_y,244.0,1
112,dist_C_2_y,402.5,1
113,dist_C_3_y,486.0,1
114,dist_C_4_y,502.5,1
115,dist_F_0_y,3.5,1
116,dist_F_1_y,0.0,1
117,dist_F_2_y,0.0,1
118,dist_F_3_y,0.0,1
119,dist_F_4_y,0.0,1
120,dist_H_0_y,269.0,1
121,dist_H_1_y,168.0,1
122,dist_H_2_y,253.5,1
123,dist_H_3_y,347.0,1
124,dist_H_4_y,344.5,1
125,dist_N_0_y,383.0,1
126,dist_N_1_y,153.0,1
127,dist_N_2_y,21.0,1
128,dist_N_3_y,3.0,1
129,dist_N_4_y,0.0,1
130,dist_O_0_y,431.0,1
131,dist_O_1_y,199.5,1
132,dist_O_2_y,11.0,1
133,dist_O_3_y,0.0,1
134,dist_O_4_y,0.0,1
135,c_x,184.5,1
136,c_y,199.0,1
137,c_z,190.0,1
138,dist,85.5,1
139,dist_x,107.0,1
140,dist_y,80.0,1
141,dist_z,73.5,1
142,type_0,0.0,1
143,molecule_couples,122.0,1
144,molecule_dist_mean,312.5,1
145,molecule_dist_min,201.5,1
146,molecule_dist_max,350.0,1
147,molecule_dist_std,360.5,1
148,atom_0_couples_count,14.0,1
149,atom_1_couples_count,12.0,1
150,molecule_atom_index_0_count,54.0,1
151,molecule_atom_index_1_count,20.5,1
152,molecule_type_count,8.0,1
153,molecule_atom_1_count,3.5,1
154,molecule_type_0_count,2.0,1
155,molecule_atom_index_0_x_1_mean,101.5,1
156,molecule_atom_index_0_x_1_mean_diff,182.0,1
157,molecule_atom_index_0_x_1_mean_div,245.0,1
158,molecule_atom_index_0_x_1_max,131.0,1
159,molecule_atom_index_0_x_1_max_diff,129.0,1
160,molecule_atom_index_0_x_1_max_div,119.5,1
161,molecule_atom_index_0_x_1_std,211.5,1
162,molecule_atom_index_0_x_1_std_diff,87.5,1
163,molecule_atom_index_0_x_1_std_div,116.5,1
164,molecule_atom_index_0_x_1_min,139.0,1
165,molecule_atom_index_0_x_1_min_diff,150.0,1
166,molecule_atom_index_0_x_1_min_div,91.5,1
167,molecule_atom_index_0_y_1_mean,89.5,1
168,molecule_atom_index_0_y_1_mean_diff,130.5,1
169,molecule_atom_index_0_y_1_mean_div,198.0,1
170,molecule_atom_index_0_y_1_max,100.5,1
171,molecule_atom_index_0_y_1_max_diff,115.5,1
172,molecule_atom_index_0_y_1_max_div,127.5,1
173,molecule_atom_index_0_y_1_std,255.5,1
174,molecule_atom_index_0_y_1_std_diff,84.0,1
175,molecule_atom_index_0_y_1_std_div,122.0,1
176,molecule_atom_index_0_y_1_min,98.0,1
177,molecule_atom_index_0_y_1_min_diff,163.5,1
178,molecule_atom_index_0_y_1_min_div,104.5,1
179,molecule_atom_index_0_z_1_mean,164.5,1
180,molecule_atom_index_0_z_1_mean_diff,169.5,1
181,molecule_atom_index_0_z_1_mean_div,325.0,1
182,molecule_atom_index_0_z_1_max,158.0,1
183,molecule_atom_index_0_z_1_max_diff,134.0,1
184,molecule_atom_index_0_z_1_max_div,118.5,1
185,molecule_atom_index_0_z_1_std,139.5,1
186,molecule_atom_index_0_z_1_std_diff,101.5,1
187,molecule_atom_index_0_z_1_std_div,183.0,1
188,molecule_atom_index_0_z_1_min,175.0,1
189,molecule_atom_index_0_z_1_min_diff,114.0,1
190,molecule_atom_index_0_z_1_min_div,155.0,1
191,molecule_atom_index_0_dist_mean,61.5,1
192,molecule_atom_index_0_dist_mean_diff,120.0,1
193,molecule_atom_index_0_dist_mean_div,142.0,1
194,molecule_atom_index_0_dist_max,104.0,1
195,molecule_atom_index_0_dist_max_diff,157.0,1
196,molecule_atom_index_0_dist_max_div,212.0,1
197,molecule_atom_index_0_dist_std,78.0,1
198,molecule_atom_index_0_dist_std_diff,150.0,1
199,molecule_atom_index_0_dist_std_div,135.5,1
200,molecule_atom_index_0_dist_min,24.0,1
201,molecule_atom_index_0_dist_min_diff,0.0,1
202,molecule_atom_index_0_dist_min_div,0.0,1
203,molecule_atom_index_0_dist_x_mean,142.5,1
204,molecule_atom_index_0_dist_x_mean_diff,122.5,1
205,molecule_atom_index_0_dist_x_mean_div,118.0,1
206,molecule_atom_index_0_dist_x_max,113.0,1
207,molecule_atom_index_0_dist_x_max_diff,116.5,1
208,molecule_atom_index_0_dist_x_max_div,117.0,1
209,molecule_atom_index_0_dist_x_std,121.5,1
210,molecule_atom_index_0_dist_x_std_diff,146.5,1
211,molecule_atom_index_0_dist_x_std_div,131.0,1
212,molecule_atom_index_0_dist_x_min,299.5,1
213,molecule_atom_index_0_dist_x_min_diff,132.5,1
214,molecule_atom_index_0_dist_x_min_div,226.0,1
215,molecule_atom_index_0_dist_y_mean,152.0,1
216,molecule_atom_index_0_dist_y_mean_diff,147.0,1
217,molecule_atom_index_0_dist_y_mean_div,143.0,1
218,molecule_atom_index_0_dist_y_max,163.5,1
219,molecule_atom_index_0_dist_y_max_diff,144.5,1
220,molecule_atom_index_0_dist_y_max_div,120.0,1
221,molecule_atom_index_0_dist_y_std,163.5,1
222,molecule_atom_index_0_dist_y_std_diff,161.5,1
223,molecule_atom_index_0_dist_y_std_div,129.5,1
224,molecule_atom_index_0_dist_y_min,331.0,1
225,molecule_atom_index_0_dist_y_min_diff,139.5,1
226,molecule_atom_index_0_dist_y_min_div,185.0,1
227,molecule_atom_index_0_dist_z_mean,108.5,1
228,molecule_atom_index_0_dist_z_mean_diff,98.5,1
229,molecule_atom_index_0_dist_z_mean_div,135.5,1
230,molecule_atom_index_0_dist_z_max,77.0,1
231,molecule_atom_index_0_dist_z_max_diff,62.0,1
232,molecule_atom_index_0_dist_z_max_div,113.0,1
233,molecule_atom_index_0_dist_z_std,75.5,1
234,molecule_atom_index_0_dist_z_std_diff,113.0,1
235,molecule_atom_index_0_dist_z_std_div,131.5,1
236,molecule_atom_index_0_dist_z_min,242.5,1
237,molecule_atom_index_0_dist_z_min_diff,124.5,1
238,molecule_atom_index_0_dist_z_min_div,228.0,1
239,molecule_atom_index_1_x_1_mean,10.5,1
240,molecule_atom_index_1_x_1_mean_diff,24.0,1
241,molecule_atom_index_1_x_1_mean_div,0.0,1
242,molecule_atom_index_1_x_1_max,4.5,1
243,molecule_atom_index_1_x_1_max_diff,0.0,1
244,molecule_atom_index_1_x_1_max_div,0.0,1
245,molecule_atom_index_1_x_1_std,0.0,1
246,molecule_atom_index_1_x_1_std_diff,91.0,1
247,molecule_atom_index_1_x_1_std_div,0.0,1
248,molecule_atom_index_1_x_1_min,2.0,1
249,molecule_atom_index_1_x_1_min_diff,0.0,1
250,molecule_atom_index_1_x_1_min_div,0.0,1
251,molecule_atom_index_1_y_1_mean,8.5,1
252,molecule_atom_index_1_y_1_mean_diff,9.5,1
253,molecule_atom_index_1_y_1_mean_div,0.0,1
254,molecule_atom_index_1_y_1_max,5.0,1
255,molecule_atom_index_1_y_1_max_diff,0.0,1
256,molecule_atom_index_1_y_1_max_div,0.0,1
257,molecule_atom_index_1_y_1_std,0.0,1
258,molecule_atom_index_1_y_1_std_diff,72.5,1
259,molecule_atom_index_1_y_1_std_div,0.0,1
260,molecule_atom_index_1_y_1_min,2.5,1
261,molecule_atom_index_1_y_1_min_diff,0.0,1
262,molecule_atom_index_1_y_1_min_div,0.0,1
263,molecule_atom_index_1_z_1_mean,17.5,1
264,molecule_atom_index_1_z_1_mean_diff,20.5,1
265,molecule_atom_index_1_z_1_mean_div,0.0,1
266,molecule_atom_index_1_z_1_max,8.5,1
267,molecule_atom_index_1_z_1_max_diff,0.0,1
268,molecule_atom_index_1_z_1_max_div,0.0,1
269,molecule_atom_index_1_z_1_std,0.0,1
270,molecule_atom_index_1_z_1_std_diff,85.0,1
271,molecule_atom_index_1_z_1_std_div,0.0,1
272,molecule_atom_index_1_z_1_min,1.5,1
273,molecule_atom_index_1_z_1_min_diff,0.0,1
274,molecule_atom_index_1_z_1_min_div,0.0,1
275,molecule_atom_index_1_dist_mean,29.5,1
276,molecule_atom_index_1_dist_mean_diff,62.5,1
277,molecule_atom_index_1_dist_mean_div,72.5,1
278,molecule_atom_index_1_dist_max,40.5,1
279,molecule_atom_index_1_dist_max_diff,52.5,1
280,molecule_atom_index_1_dist_max_div,98.5,1
281,molecule_atom_index_1_dist_std,75.5,1
282,molecule_atom_index_1_dist_std_diff,155.0,1
283,molecule_atom_index_1_dist_std_div,90.0,1
284,molecule_atom_index_1_dist_min,111.5,1
285,molecule_atom_index_1_dist_min_diff,61.5,1
286,molecule_atom_index_1_dist_min_div,35.0,1
287,molecule_atom_index_1_dist_x_mean,119.0,1
288,molecule_atom_index_1_dist_x_mean_diff,128.0,1
289,molecule_atom_index_1_dist_x_mean_div,97.0,1
290,molecule_atom_index_1_dist_x_max,90.5,1
291,molecule_atom_index_1_dist_x_max_diff,93.5,1
292,molecule_atom_index_1_dist_x_max_div,80.5,1
293,molecule_atom_index_1_dist_x_std,155.5,1
294,molecule_atom_index_1_dist_x_std_diff,165.5,1
295,molecule_atom_index_1_dist_x_std_div,143.0,1
296,molecule_atom_index_1_dist_x_min,186.5,1
297,molecule_atom_index_1_dist_x_min_diff,99.0,1
298,molecule_atom_index_1_dist_x_min_div,120.5,1
299,molecule_atom_index_1_dist_y_mean,127.0,1
300,molecule_atom_index_1_dist_y_mean_diff,133.0,1
301,molecule_atom_index_1_dist_y_mean_div,105.5,1
302,molecule_atom_index_1_dist_y_max,97.0,1
303,molecule_atom_index_1_dist_y_max_diff,95.0,1
304,molecule_atom_index_1_dist_y_max_div,77.5,1
305,molecule_atom_index_1_dist_y_std,184.5,1
306,molecule_atom_index_1_dist_y_std_diff,198.5,1
307,molecule_atom_index_1_dist_y_std_div,165.0,1
308,molecule_atom_index_1_dist_y_min,202.0,1
309,molecule_atom_index_1_dist_y_min_diff,70.0,1
310,molecule_atom_index_1_dist_y_min_div,116.0,1
311,molecule_atom_index_1_dist_z_mean,94.5,1
312,molecule_atom_index_1_dist_z_mean_diff,128.0,1
313,molecule_atom_index_1_dist_z_mean_div,147.0,1
314,molecule_atom_index_1_dist_z_max,87.5,1
315,molecule_atom_index_1_dist_z_max_diff,70.5,1
316,molecule_atom_index_1_dist_z_max_div,95.0,1
317,molecule_atom_index_1_dist_z_std,154.0,1
318,molecule_atom_index_1_dist_z_std_diff,183.5,1
319,molecule_atom_index_1_dist_z_std_div,202.5,1
320,molecule_atom_index_1_dist_z_min,267.5,1
321,molecule_atom_index_1_dist_z_min_diff,100.5,1
322,molecule_atom_index_1_dist_z_min_div,165.5,1
323,molecule_type_x_1_mean,89.5,1
324,molecule_type_x_1_mean_diff,35.5,1
325,molecule_type_x_1_mean_div,44.5,1
326,molecule_type_x_1_max,90.0,1
327,molecule_type_x_1_max_diff,21.0,1
328,molecule_type_x_1_max_div,12.0,1
329,molecule_type_x_1_std,69.5,1
330,molecule_type_x_1_std_diff,109.5,1
331,molecule_type_x_1_std_div,61.0,1
332,molecule_type_x_1_min,87.5,1
333,molecule_type_x_1_min_diff,16.0,1
334,molecule_type_x_1_min_div,10.5,1
335,molecule_type_y_1_mean,81.5,1
336,molecule_type_y_1_mean_diff,28.0,1
337,molecule_type_y_1_mean_div,36.0,1
338,molecule_type_y_1_max,72.5,1
339,molecule_type_y_1_max_diff,9.0,1
340,molecule_type_y_1_max_div,13.5,1
341,molecule_type_y_1_std,62.5,1
342,molecule_type_y_1_std_diff,84.5,1
343,molecule_type_y_1_std_div,54.5,1
344,molecule_type_y_1_min,89.5,1
345,molecule_type_y_1_min_diff,16.0,1
346,molecule_type_y_1_min_div,13.0,1
347,molecule_type_z_1_mean,83.0,1
348,molecule_type_z_1_mean_diff,35.0,1
349,molecule_type_z_1_mean_div,32.5,1
350,molecule_type_z_1_max,97.5,1
351,molecule_type_z_1_max_diff,20.0,1
352,molecule_type_z_1_max_div,8.5,1
353,molecule_type_z_1_std,65.5,1
354,molecule_type_z_1_std_diff,107.5,1
355,molecule_type_z_1_std_div,69.0,1
356,molecule_type_z_1_min,90.0,1
357,molecule_type_z_1_min_diff,16.0,1
358,molecule_type_z_1_min_div,15.5,1
359,molecule_type_dist_mean,187.0,1
360,molecule_type_dist_mean_diff,123.0,1
361,molecule_type_dist_mean_div,83.5,1
362,molecule_type_dist_max,210.5,1
363,molecule_type_dist_max_diff,74.5,1
364,molecule_type_dist_max_div,35.0,1
365,molecule_type_dist_std,147.5,1
366,molecule_type_dist_std_diff,210.5,1
367,molecule_type_dist_std_div,119.5,1
368,molecule_type_dist_min,71.0,1
369,molecule_type_dist_min_diff,71.0,1
370,molecule_type_dist_min_div,38.5,1
371,molecule_type_dist_x_mean,89.5,1
372,molecule_type_dist_x_mean_diff,75.5,1
373,molecule_type_dist_x_mean_div,84.5,1
374,molecule_type_dist_x_max,115.5,1
375,molecule_type_dist_x_max_diff,47.5,1
376,molecule_type_dist_x_max_div,41.0,1
377,molecule_type_dist_x_std,141.0,1
378,molecule_type_dist_x_std_diff,117.0,1
379,molecule_type_dist_x_std_div,131.5,1
380,molecule_type_dist_x_min,146.5,1
381,molecule_type_dist_x_min_diff,41.0,1
382,molecule_type_dist_x_min_div,54.0,1
383,molecule_type_dist_y_mean,131.5,1
384,molecule_type_dist_y_mean_diff,84.0,1
385,molecule_type_dist_y_mean_div,87.0,1
386,molecule_type_dist_y_max,139.0,1
387,molecule_type_dist_y_max_diff,36.5,1
388,molecule_type_dist_y_max_div,31.5,1
389,molecule_type_dist_y_std,124.0,1
390,molecule_type_dist_y_std_diff,140.5,1
391,molecule_type_dist_y_std_div,173.0,1
392,molecule_type_dist_y_min,149.5,1
393,molecule_type_dist_y_min_diff,41.5,1
394,molecule_type_dist_y_min_div,54.0,1
395,molecule_type_dist_z_mean,128.0,1
396,molecule_type_dist_z_mean_diff,88.0,1
397,molecule_type_dist_z_mean_div,102.5,1
398,molecule_type_dist_z_max,119.0,1
399,molecule_type_dist_z_max_diff,40.5,1
400,molecule_type_dist_z_max_div,32.5,1
401,molecule_type_dist_z_std,119.5,1
402,molecule_type_dist_z_std_diff,124.0,1
403,molecule_type_dist_z_std_div,198.0,1
404,molecule_type_dist_z_min,134.0,1
405,molecule_type_dist_z_min_diff,42.0,1
406,molecule_type_dist_z_min_div,59.0,1
407,molecule_atom_1_x_1_mean,135.5,1
408,molecule_atom_1_x_1_mean_diff,146.5,1
409,molecule_atom_1_x_1_mean_div,138.0,1
410,molecule_atom_1_x_1_max,137.0,1
411,molecule_atom_1_x_1_max_diff,60.0,1
412,molecule_atom_1_x_1_max_div,49.5,1
413,molecule_atom_1_x_1_std,136.0,1
414,molecule_atom_1_x_1_std_diff,124.5,1
415,molecule_atom_1_x_1_std_div,102.5,1
416,molecule_atom_1_x_1_min,115.0,1
417,molecule_atom_1_x_1_min_diff,67.0,1
418,molecule_atom_1_x_1_min_div,43.0,1
419,molecule_atom_1_y_1_mean,133.0,1
420,molecule_atom_1_y_1_mean_diff,100.0,1
421,molecule_atom_1_y_1_mean_div,108.5,1
422,molecule_atom_1_y_1_max,87.0,1
423,molecule_atom_1_y_1_max_diff,36.5,1
424,molecule_atom_1_y_1_max_div,37.0,1
425,molecule_atom_1_y_1_std,134.0,1
426,molecule_atom_1_y_1_std_diff,107.5,1
427,molecule_atom_1_y_1_std_div,92.0,1
428,molecule_atom_1_y_1_min,116.5,1
429,molecule_atom_1_y_1_min_diff,67.0,1
430,molecule_atom_1_y_1_min_div,52.0,1
431,molecule_atom_1_z_1_mean,150.0,1
432,molecule_atom_1_z_1_mean_diff,138.5,1
433,molecule_atom_1_z_1_mean_div,147.5,1
434,molecule_atom_1_z_1_max,142.5,1
435,molecule_atom_1_z_1_max_diff,57.5,1
436,molecule_atom_1_z_1_max_div,44.0,1
437,molecule_atom_1_z_1_std,146.5,1
438,molecule_atom_1_z_1_std_diff,127.0,1
439,molecule_atom_1_z_1_std_div,153.5,1
440,molecule_atom_1_z_1_min,127.0,1
441,molecule_atom_1_z_1_min_diff,51.5,1
442,molecule_atom_1_z_1_min_div,45.0,1
443,molecule_atom_1_dist_mean,122.0,1
444,molecule_atom_1_dist_mean_diff,114.5,1
445,molecule_atom_1_dist_mean_div,109.0,1
446,molecule_atom_1_dist_max,157.0,1
447,molecule_atom_1_dist_max_diff,148.5,1
448,molecule_atom_1_dist_max_div,187.5,1
449,molecule_atom_1_dist_std,211.0,1
450,molecule_atom_1_dist_std_diff,185.5,1
451,molecule_atom_1_dist_std_div,132.0,1
452,molecule_atom_1_dist_min,24.5,1
453,molecule_atom_1_dist_min_diff,14.0,1
454,molecule_atom_1_dist_min_div,7.5,1
455,molecule_atom_1_dist_x_mean,167.0,1
456,molecule_atom_1_dist_x_mean_diff,164.0,1
457,molecule_atom_1_dist_x_mean_div,158.0,1
458,molecule_atom_1_dist_x_max,117.5,1
459,molecule_atom_1_dist_x_max_diff,126.5,1
460,molecule_atom_1_dist_x_max_div,118.0,1
461,molecule_atom_1_dist_x_std,152.0,1
462,molecule_atom_1_dist_x_std_diff,183.5,1
463,molecule_atom_1_dist_x_std_div,136.0,1
464,molecule_atom_1_dist_x_min,293.5,1
465,molecule_atom_1_dist_x_min_diff,124.5,1
466,molecule_atom_1_dist_x_min_div,207.5,1
467,molecule_atom_1_dist_y_mean,167.5,1
468,molecule_atom_1_dist_y_mean_diff,161.5,1
469,molecule_atom_1_dist_y_mean_div,155.0,1
470,molecule_atom_1_dist_y_max,153.5,1
471,molecule_atom_1_dist_y_max_diff,184.0,1
472,molecule_atom_1_dist_y_max_div,127.5,1
473,molecule_atom_1_dist_y_std,201.0,1
474,molecule_atom_1_dist_y_std_diff,248.0,1
475,molecule_atom_1_dist_y_std_div,154.0,1
476,molecule_atom_1_dist_y_min,293.5,1
477,molecule_atom_1_dist_y_min_diff,132.0,1
478,molecule_atom_1_dist_y_min_div,230.5,1
479,molecule_atom_1_dist_z_mean,132.0,1
480,molecule_atom_1_dist_z_mean_diff,139.5,1
481,molecule_atom_1_dist_z_mean_div,141.5,1
482,molecule_atom_1_dist_z_max,111.5,1
483,molecule_atom_1_dist_z_max_diff,107.0,1
484,molecule_atom_1_dist_z_max_div,112.0,1
485,molecule_atom_1_dist_z_std,138.0,1
486,molecule_atom_1_dist_z_std_diff,178.0,1
487,molecule_atom_1_dist_z_std_div,168.5,1
488,molecule_atom_1_dist_z_min,266.5,1
489,molecule_atom_1_dist_z_min_diff,105.0,1
490,molecule_atom_1_dist_z_min_div,247.0,1
491,molecule_type_0_x_1_mean,175.5,1
492,molecule_type_0_x_1_mean_diff,167.5,1
493,molecule_type_0_x_1_mean_div,245.5,1
494,molecule_type_0_x_1_max,219.0,1
495,molecule_type_0_x_1_max_diff,149.0,1
496,molecule_type_0_x_1_max_div,102.0,1
497,molecule_type_0_x_1_std,303.0,1
498,molecule_type_0_x_1_std_diff,109.0,1
499,molecule_type_0_x_1_std_div,140.0,1
500,molecule_type_0_x_1_min,206.0,1
501,molecule_type_0_x_1_min_diff,153.5,1
502,molecule_type_0_x_1_min_div,106.5,1
503,molecule_type_0_y_1_mean,231.5,1
504,molecule_type_0_y_1_mean_diff,153.0,1
505,molecule_type_0_y_1_mean_div,235.5,1
506,molecule_type_0_y_1_max,229.0,1
507,molecule_type_0_y_1_max_diff,53.0,1
508,molecule_type_0_y_1_max_div,70.5,1
509,molecule_type_0_y_1_std,244.5,1
510,molecule_type_0_y_1_std_diff,92.5,1
511,molecule_type_0_y_1_std_div,115.5,1
512,molecule_type_0_y_1_min,165.5,1
513,molecule_type_0_y_1_min_diff,142.5,1
514,molecule_type_0_y_1_min_div,94.0,1
515,molecule_type_0_z_1_mean,211.0,1
516,molecule_type_0_z_1_mean_diff,139.5,1
517,molecule_type_0_z_1_mean_div,322.5,1
518,molecule_type_0_z_1_max,200.5,1
519,molecule_type_0_z_1_max_diff,123.5,1
520,molecule_type_0_z_1_max_div,124.5,1
521,molecule_type_0_z_1_std,204.5,1
522,molecule_type_0_z_1_std_diff,118.5,1
523,molecule_type_0_z_1_std_div,188.0,1
524,molecule_type_0_z_1_min,216.0,1
525,molecule_type_0_z_1_min_diff,131.5,1
526,molecule_type_0_z_1_min_div,120.0,1
527,molecule_type_0_dist_mean,184.0,1
528,molecule_type_0_dist_mean_diff,166.0,1
529,molecule_type_0_dist_mean_div,173.5,1
530,molecule_type_0_dist_max,297.5,1
531,molecule_type_0_dist_max_diff,241.5,1
532,molecule_type_0_dist_max_div,231.0,1
533,molecule_type_0_dist_std,178.5,1
534,molecule_type_0_dist_std_diff,248.5,1
535,molecule_type_0_dist_std_div,175.5,1
536,molecule_type_0_dist_min,13.5,1
537,molecule_type_0_dist_min_diff,5.0,1
538,molecule_type_0_dist_min_div,1.0,1
539,molecule_type_0_dist_x_mean,286.0,1
540,molecule_type_0_dist_x_mean_diff,168.0,1
541,molecule_type_0_dist_x_mean_div,125.5,1
542,molecule_type_0_dist_x_max,403.0,1
543,molecule_type_0_dist_x_max_diff,172.0,1
544,molecule_type_0_dist_x_max_div,83.0,1
545,molecule_type_0_dist_x_std,408.5,1
546,molecule_type_0_dist_x_std_diff,164.0,1
547,molecule_type_0_dist_x_std_div,129.0,1
548,molecule_type_0_dist_x_min,292.5,1
549,molecule_type_0_dist_x_min_diff,140.0,1
550,molecule_type_0_dist_x_min_div,333.5,1
551,molecule_type_0_dist_y_mean,296.5,1
552,molecule_type_0_dist_y_mean_diff,176.5,1
553,molecule_type_0_dist_y_mean_div,157.5,1
554,molecule_type_0_dist_y_max,284.0,1
555,molecule_type_0_dist_y_max_diff,239.0,1
556,molecule_type_0_dist_y_max_div,110.5,1
557,molecule_type_0_dist_y_std,296.5,1
558,molecule_type_0_dist_y_std_diff,187.5,1
559,molecule_type_0_dist_y_std_div,182.0,1
560,molecule_type_0_dist_y_min,325.5,1
561,molecule_type_0_dist_y_min_diff,130.0,1
562,molecule_type_0_dist_y_min_div,299.0,1
563,molecule_type_0_dist_z_mean,248.0,1
564,molecule_type_0_dist_z_mean_diff,188.5,1
565,molecule_type_0_dist_z_mean_div,151.5,1
566,molecule_type_0_dist_z_max,222.5,1
567,molecule_type_0_dist_z_max_diff,191.5,1
568,molecule_type_0_dist_z_max_div,82.5,1
569,molecule_type_0_dist_z_std,294.5,1
570,molecule_type_0_dist_z_std_diff,168.5,1
571,molecule_type_0_dist_z_std_div,157.5,1
572,molecule_type_0_dist_z_min,331.0,1
573,molecule_type_0_dist_z_min_diff,105.0,1
574,molecule_type_0_dist_z_min_div,290.0,1
575,dist_inv2,85.5,1
576,atom_index_closest_0,12.5,1
577,distance_closest_0,12.0,1
578,x_closest_0,1.5,1
579,y_closest_0,1.0,1
580,z_closest_0,0.5,1
581,max_distance_x,61.5,1
582,atom_index_closest_1,38.0,1
583,distance_closest_1,49.0,1
584,x_closest_1,100.5,1
585,y_closest_1,66.0,1
586,z_closest_1,100.0,1
587,max_distance_y,13.0,1
588,atom_index_farthest_0,86.0,1
589,distance_farthest_0,21.0,1
590,x_farthest_0,241.0,1
591,y_farthest_0,216.0,1
592,z_farthest_0,302.0,1
593,min_distance_x,4.0,1
594,atom_index_farthest_1,62.5,1
595,distance_farthest_1,5.0,1
596,x_farthest_1,236.5,1
597,y_farthest_1,187.0,1
598,z_farthest_1,290.5,1
599,min_distance_y,16.5,1
600,distance_center0,378.0,1
601,distance_center1,313.0,1
602,distance_c0,0.0,1
603,distance_c1,4.0,1
604,distance_f0,12.5,1
605,distance_f1,0.5,1
606,cos_c0_c1,250.0,1
607,cos_f0_f1,337.0,1
608,cos_c0_f0,359.5,1
609,cos_c1_f1,306.0,1
610,cos_center0_center1,361.5,1
611,cos_c0,80.0,1
612,cos_c1,215.0,1
613,cos_f0,242.5,1
614,cos_f1,284.5,1
615,cos_center0,301.0,1
616,cos_center1,327.5,1
617,rc_A,364.0,1
618,rc_B,336.5,1
619,rc_C,291.0,1
620,mu,512.0,1
621,alpha,321.0,1
622,homo,444.5,1
623,lumo,417.5,1
624,gap,416.0,1
625,zpve,146.5,1
626,Cv,293.5,1
627,freqs_min,354.5,1
628,freqs_max,339.0,1
629,freqs_mean,294.5,1
630,mulliken_min,215.5,1
631,mulliken_max,478.0,1
632,mulliken_atom_0,1017.5,1
633,mulliken_atom_1,355.5,1
634,type_1JHN,0.0,1
635,type_2JHC,0.0,1
636,type_2JHH,0.0,1
637,type_2JHN,0.0,1
638,type_3JHC,0.0,1
639,type_3JHH,0.0,1
640,type_3JHN,0.0,1
641,atom_1_H,0.0,1
642,atom_1_N,0.0,1
643,flatness_metric,240.0,1
644,thinness_metric,298.5,1
645,roundness_metric,325.5,1
646,bond_angle_plane,449.0,1
647,bond_angle_axis,545.5,1
0,molecule_name,234.0,2
1,id,167.0,2
2,type,0.0,2
3,inv_dist0,265.0,2
4,inv_dist1,144.0,2
5,inv_distP,171.0,2
6,inv_dist0R,249.5,2
7,inv_dist1R,434.0,2
8,inv_distPR,311.5,2
9,inv_dist0E,228.0,2
10,inv_dist1E,124.5,2
11,inv_distPE,161.5,2
12,linkM0,450.5,2
13,linkM1,342.5,2
14,min_molecule_atom_0_dist_xyz,199.0,2
15,mean_molecule_atom_0_dist_xyz,157.0,2
16,max_molecule_atom_0_dist_xyz,250.0,2
17,sd_molecule_atom_0_dist_xyz,170.5,2
18,min_molecule_atom_1_dist_xyz,270.0,2
19,mean_molecule_atom_1_dist_xyz,95.5,2
20,max_molecule_atom_1_dist_xyz,94.0,2
21,sd_molecule_atom_1_dist_xyz,188.5,2
22,coulomb_C.x,206.0,2
23,coulomb_F.x,4.5,2
24,coulomb_H.x,173.0,2
25,coulomb_N.x,118.5,2
26,coulomb_O.x,200.5,2
27,yukawa_C.x,231.0,2
28,yukawa_F.x,3.5,2
29,yukawa_H.x,232.5,2
30,yukawa_N.x,184.5,2
31,yukawa_O.x,239.5,2
32,vander_C.x,206.5,2
33,vander_F.x,2.0,2
34,vander_H.x,210.5,2
35,vander_N.x,297.5,2
36,vander_O.x,217.0,2
37,coulomb_C.y,142.5,2
38,coulomb_F.y,2.0,2
39,coulomb_H.y,162.0,2
40,coulomb_N.y,73.0,2
41,coulomb_O.y,143.0,2
42,yukawa_C.y,167.0,2
43,yukawa_F.y,2.0,2
44,yukawa_H.y,201.0,2
45,yukawa_N.y,82.5,2
46,yukawa_O.y,188.0,2
47,vander_C.y,332.5,2
48,vander_F.y,1.0,2
49,vander_H.y,166.5,2
50,vander_N.y,78.0,2
51,vander_O.y,135.5,2
52,distC0,0.0,2
53,distH0,0.0,2
54,distN0,269.0,2
55,distC1,0.0,2
56,distH1,0.0,2
57,distN1,166.0,2
58,adH1,321.5,2
59,adH2,28.5,2
60,adH3,11.0,2
61,adH4,0.5,2
62,adC1,497.0,2
63,adC2,531.0,2
64,adC3,401.5,2
65,adC4,257.5,2
66,adN1,259.0,2
67,adN2,75.0,2
68,adN3,12.0,2
69,adN4,0.0,2
70,NC,8.0,2
71,NH,7.5,2
72,NN,1.5,2
73,NF,0.0,2
74,NO,14.0,2
75,atom_index_0,35.0,2
76,atom_index_1,38.5,2
77,atom_0,0.0,2
78,x_0,116.0,2
79,y_0,93.5,2
80,z_0,110.5,2
81,dist_C_0_x,255.0,2
82,dist_C_1_x,272.5,2
83,dist_C_2_x,359.5,2
84,dist_C_3_x,496.5,2
85,dist_C_4_x,446.5,2
86,dist_F_0_x,8.0,2
87,dist_F_1_x,1.0,2
88,dist_F_2_x,0.0,2
89,dist_F_3_x,0.0,2
90,dist_F_4_x,0.0,2
91,dist_H_0_x,229.0,2
92,dist_H_1_x,459.0,2
93,dist_H_2_x,400.0,2
94,dist_H_3_x,434.0,2
95,dist_H_4_x,453.0,2
96,dist_N_0_x,285.0,2
97,dist_N_1_x,297.0,2
98,dist_N_2_x,159.5,2
99,dist_N_3_x,38.0,2
100,dist_N_4_x,7.5,2
101,dist_O_0_x,544.5,2
102,dist_O_1_x,209.5,2
103,dist_O_2_x,12.0,2
104,dist_O_3_x,0.5,2
105,dist_O_4_x,0.0,2
106,atom_1,0.0,2
107,x_1,38.5,2
108,y_1,39.5,2
109,z_1,37.0,2
110,dist_C_0_y,291.0,2
111,dist_C_1_y,259.0,2
112,dist_C_2_y,388.0,2
113,dist_C_3_y,441.5,2
114,dist_C_4_y,462.0,2
115,dist_F_0_y,3.5,2
116,dist_F_1_y,0.5,2
117,dist_F_2_y,0.0,2
118,dist_F_3_y,0.0,2
119,dist_F_4_y,0.0,2
120,dist_H_0_y,292.5,2
121,dist_H_1_y,167.0,2
122,dist_H_2_y,326.0,2
123,dist_H_3_y,344.0,2
124,dist_H_4_y,354.5,2
125,dist_N_0_y,339.0,2
126,dist_N_1_y,165.5,2
127,dist_N_2_y,37.0,2
128,dist_N_3_y,3.5,2
129,dist_N_4_y,2.0,2
130,dist_O_0_y,528.0,2
131,dist_O_1_y,256.0,2
132,dist_O_2_y,14.0,2
133,dist_O_3_y,0.0,2
134,dist_O_4_y,0.0,2
135,c_x,171.0,2
136,c_y,184.0,2
137,c_z,193.5,2
138,dist,62.5,2
139,dist_x,70.0,2
140,dist_y,100.5,2
141,dist_z,69.0,2
142,type_0,0.0,2
143,molecule_couples,114.0,2
144,molecule_dist_mean,267.5,2
145,molecule_dist_min,207.0,2
146,molecule_dist_max,372.0,2
147,molecule_dist_std,318.0,2
148,atom_0_couples_count,13.0,2
149,atom_1_couples_count,10.5,2
150,molecule_atom_index_0_count,50.0,2
151,molecule_atom_index_1_count,19.0,2
152,molecule_type_count,7.0,2
153,molecule_atom_1_count,3.5,2
154,molecule_type_0_count,0.5,2
155,molecule_atom_index_0_x_1_mean,98.5,2
156,molecule_atom_index_0_x_1_mean_diff,159.5,2
157,molecule_atom_index_0_x_1_mean_div,264.0,2
158,molecule_atom_index_0_x_1_max,158.0,2
159,molecule_atom_index_0_x_1_max_diff,116.5,2
160,molecule_atom_index_0_x_1_max_div,112.0,2
161,molecule_atom_index_0_x_1_std,172.0,2
162,molecule_atom_index_0_x_1_std_diff,59.0,2
163,molecule_atom_index_0_x_1_std_div,125.0,2
164,molecule_atom_index_0_x_1_min,117.0,2
165,molecule_atom_index_0_x_1_min_diff,178.5,2
166,molecule_atom_index_0_x_1_min_div,112.5,2
167,molecule_atom_index_0_y_1_mean,96.5,2
168,molecule_atom_index_0_y_1_mean_diff,140.5,2
169,molecule_atom_index_0_y_1_mean_div,193.0,2
170,molecule_atom_index_0_y_1_max,114.5,2
171,molecule_atom_index_0_y_1_max_diff,119.0,2
172,molecule_atom_index_0_y_1_max_div,162.5,2
173,molecule_atom_index_0_y_1_std,266.5,2
174,molecule_atom_index_0_y_1_std_diff,75.0,2
175,molecule_atom_index_0_y_1_std_div,105.0,2
176,molecule_atom_index_0_y_1_min,127.5,2
177,molecule_atom_index_0_y_1_min_diff,162.0,2
178,molecule_atom_index_0_y_1_min_div,98.0,2
179,molecule_atom_index_0_z_1_mean,165.5,2
180,molecule_atom_index_0_z_1_mean_diff,170.5,2
181,molecule_atom_index_0_z_1_mean_div,324.5,2
182,molecule_atom_index_0_z_1_max,178.0,2
183,molecule_atom_index_0_z_1_max_diff,134.5,2
184,molecule_atom_index_0_z_1_max_div,130.0,2
185,molecule_atom_index_0_z_1_std,148.0,2
186,molecule_atom_index_0_z_1_std_diff,95.5,2
187,molecule_atom_index_0_z_1_std_div,166.5,2
188,molecule_atom_index_0_z_1_min,158.5,2
189,molecule_atom_index_0_z_1_min_diff,120.0,2
190,molecule_atom_index_0_z_1_min_div,156.5,2
191,molecule_atom_index_0_dist_mean,56.0,2
192,molecule_atom_index_0_dist_mean_diff,125.0,2
193,molecule_atom_index_0_dist_mean_div,132.5,2
194,molecule_atom_index_0_dist_max,100.5,2
195,molecule_atom_index_0_dist_max_diff,161.5,2
196,molecule_atom_index_0_dist_max_div,226.5,2
197,molecule_atom_index_0_dist_std,80.5,2
198,molecule_atom_index_0_dist_std_diff,149.5,2
199,molecule_atom_index_0_dist_std_div,120.5,2
200,molecule_atom_index_0_dist_min,19.0,2
201,molecule_atom_index_0_dist_min_diff,0.0,2
202,molecule_atom_index_0_dist_min_div,0.0,2
203,molecule_atom_index_0_dist_x_mean,117.5,2
204,molecule_atom_index_0_dist_x_mean_diff,132.0,2
205,molecule_atom_index_0_dist_x_mean_div,125.0,2
206,molecule_atom_index_0_dist_x_max,107.0,2
207,molecule_atom_index_0_dist_x_max_diff,105.5,2
208,molecule_atom_index_0_dist_x_max_div,109.0,2
209,molecule_atom_index_0_dist_x_std,126.5,2
210,molecule_atom_index_0_dist_x_std_diff,140.5,2
211,molecule_atom_index_0_dist_x_std_div,125.5,2
212,molecule_atom_index_0_dist_x_min,291.0,2
213,molecule_atom_index_0_dist_x_min_diff,126.5,2
214,molecule_atom_index_0_dist_x_min_div,243.0,2
215,molecule_atom_index_0_dist_y_mean,168.5,2
216,molecule_atom_index_0_dist_y_mean_diff,148.0,2
217,molecule_atom_index_0_dist_y_mean_div,130.5,2
218,molecule_atom_index_0_dist_y_max,147.0,2
219,molecule_atom_index_0_dist_y_max_diff,133.5,2
220,molecule_atom_index_0_dist_y_max_div,146.0,2
221,molecule_atom_index_0_dist_y_std,161.0,2
222,molecule_atom_index_0_dist_y_std_diff,164.0,2
223,molecule_atom_index_0_dist_y_std_div,116.5,2
224,molecule_atom_index_0_dist_y_min,333.0,2
225,molecule_atom_index_0_dist_y_min_diff,127.0,2
226,molecule_atom_index_0_dist_y_min_div,199.5,2
227,molecule_atom_index_0_dist_z_mean,98.0,2
228,molecule_atom_index_0_dist_z_mean_diff,110.0,2
229,molecule_atom_index_0_dist_z_mean_div,160.5,2
230,molecule_atom_index_0_dist_z_max,85.0,2
231,molecule_atom_index_0_dist_z_max_diff,80.5,2
232,molecule_atom_index_0_dist_z_max_div,114.5,2
233,molecule_atom_index_0_dist_z_std,99.0,2
234,molecule_atom_index_0_dist_z_std_diff,134.5,2
235,molecule_atom_index_0_dist_z_std_div,128.0,2
236,molecule_atom_index_0_dist_z_min,249.0,2
237,molecule_atom_index_0_dist_z_min_diff,147.0,2
238,molecule_atom_index_0_dist_z_min_div,209.0,2
239,molecule_atom_index_1_x_1_mean,15.5,2
240,molecule_atom_index_1_x_1_mean_diff,25.5,2
241,molecule_atom_index_1_x_1_mean_div,0.0,2
242,molecule_atom_index_1_x_1_max,6.5,2
243,molecule_atom_index_1_x_1_max_diff,0.0,2
244,molecule_atom_index_1_x_1_max_div,0.0,2
245,molecule_atom_index_1_x_1_std,0.0,2
246,molecule_atom_index_1_x_1_std_diff,83.0,2
247,molecule_atom_index_1_x_1_std_div,0.0,2
248,molecule_atom_index_1_x_1_min,2.5,2
249,molecule_atom_index_1_x_1_min_diff,0.0,2
250,molecule_atom_index_1_x_1_min_div,0.0,2
251,molecule_atom_index_1_y_1_mean,16.0,2
252,molecule_atom_index_1_y_1_mean_diff,20.5,2
253,molecule_atom_index_1_y_1_mean_div,0.0,2
254,molecule_atom_index_1_y_1_max,5.5,2
255,molecule_atom_index_1_y_1_max_diff,0.0,2
256,molecule_atom_index_1_y_1_max_div,0.0,2
257,molecule_atom_index_1_y_1_std,0.0,2
258,molecule_atom_index_1_y_1_std_diff,74.5,2
259,molecule_atom_index_1_y_1_std_div,0.0,2
260,molecule_atom_index_1_y_1_min,2.0,2
261,molecule_atom_index_1_y_1_min_diff,0.0,2
262,molecule_atom_index_1_y_1_min_div,0.0,2
263,molecule_atom_index_1_z_1_mean,17.0,2
264,molecule_atom_index_1_z_1_mean_diff,19.0,2
265,molecule_atom_index_1_z_1_mean_div,0.0,2
266,molecule_atom_index_1_z_1_max,6.5,2
267,molecule_atom_index_1_z_1_max_diff,0.0,2
268,molecule_atom_index_1_z_1_max_div,0.0,2
269,molecule_atom_index_1_z_1_std,0.0,2
270,molecule_atom_index_1_z_1_std_diff,91.5,2
271,molecule_atom_index_1_z_1_std_div,0.0,2
272,molecule_atom_index_1_z_1_min,2.5,2
273,molecule_atom_index_1_z_1_min_diff,0.0,2
274,molecule_atom_index_1_z_1_min_div,0.0,2
275,molecule_atom_index_1_dist_mean,38.5,2
276,molecule_atom_index_1_dist_mean_diff,66.0,2
277,molecule_atom_index_1_dist_mean_div,63.5,2
278,molecule_atom_index_1_dist_max,38.0,2
279,molecule_atom_index_1_dist_max_diff,63.0,2
280,molecule_atom_index_1_dist_max_div,77.5,2
281,molecule_atom_index_1_dist_std,72.0,2
282,molecule_atom_index_1_dist_std_diff,159.0,2
283,molecule_atom_index_1_dist_std_div,108.5,2
284,molecule_atom_index_1_dist_min,136.0,2
285,molecule_atom_index_1_dist_min_diff,65.0,2
286,molecule_atom_index_1_dist_min_div,38.0,2
287,molecule_atom_index_1_dist_x_mean,111.5,2
288,molecule_atom_index_1_dist_x_mean_diff,121.5,2
289,molecule_atom_index_1_dist_x_mean_div,102.5,2
290,molecule_atom_index_1_dist_x_max,96.0,2
291,molecule_atom_index_1_dist_x_max_diff,79.5,2
292,molecule_atom_index_1_dist_x_max_div,74.0,2
293,molecule_atom_index_1_dist_x_std,176.5,2
294,molecule_atom_index_1_dist_x_std_diff,170.0,2
295,molecule_atom_index_1_dist_x_std_div,157.0,2
296,molecule_atom_index_1_dist_x_min,189.5,2
297,molecule_atom_index_1_dist_x_min_diff,111.0,2
298,molecule_atom_index_1_dist_x_min_div,128.5,2
299,molecule_atom_index_1_dist_y_mean,116.5,2
300,molecule_atom_index_1_dist_y_mean_diff,135.0,2
301,molecule_atom_index_1_dist_y_mean_div,101.0,2
302,molecule_atom_index_1_dist_y_max,106.5,2
303,molecule_atom_index_1_dist_y_max_diff,73.5,2
304,molecule_atom_index_1_dist_y_max_div,81.0,2
305,molecule_atom_index_1_dist_y_std,202.5,2
306,molecule_atom_index_1_dist_y_std_diff,208.0,2
307,molecule_atom_index_1_dist_y_std_div,187.5,2
308,molecule_atom_index_1_dist_y_min,217.0,2
309,molecule_atom_index_1_dist_y_min_diff,82.5,2
310,molecule_atom_index_1_dist_y_min_div,118.5,2
311,molecule_atom_index_1_dist_z_mean,94.0,2
312,molecule_atom_index_1_dist_z_mean_diff,115.5,2
313,molecule_atom_index_1_dist_z_mean_div,128.0,2
314,molecule_atom_index_1_dist_z_max,85.0,2
315,molecule_atom_index_1_dist_z_max_diff,83.0,2
316,molecule_atom_index_1_dist_z_max_div,92.0,2
317,molecule_atom_index_1_dist_z_std,129.0,2
318,molecule_atom_index_1_dist_z_std_diff,193.0,2
319,molecule_atom_index_1_dist_z_std_div,215.5,2
320,molecule_atom_index_1_dist_z_min,241.5,2
321,molecule_atom_index_1_dist_z_min_diff,91.5,2
322,molecule_atom_index_1_dist_z_min_div,123.5,2
323,molecule_type_x_1_mean,92.0,2
324,molecule_type_x_1_mean_diff,39.0,2
325,molecule_type_x_1_mean_div,49.5,2
326,molecule_type_x_1_max,95.0,2
327,molecule_type_x_1_max_diff,17.5,2
328,molecule_type_x_1_max_div,14.0,2
329,molecule_type_x_1_std,79.0,2
330,molecule_type_x_1_std_diff,113.5,2
331,molecule_type_x_1_std_div,71.0,2
332,molecule_type_x_1_min,88.5,2
333,molecule_type_x_1_min_diff,16.0,2
334,molecule_type_x_1_min_div,14.0,2
335,molecule_type_y_1_mean,75.0,2
336,molecule_type_y_1_mean_diff,35.0,2
337,molecule_type_y_1_mean_div,45.5,2
338,molecule_type_y_1_max,66.0,2
339,molecule_type_y_1_max_diff,9.5,2
340,molecule_type_y_1_max_div,8.0,2
341,molecule_type_y_1_std,73.5,2
342,molecule_type_y_1_std_diff,87.0,2
343,molecule_type_y_1_std_div,76.0,2
344,molecule_type_y_1_min,78.5,2
345,molecule_type_y_1_min_diff,10.5,2
346,molecule_type_y_1_min_div,13.0,2
347,molecule_type_z_1_mean,107.0,2
348,molecule_type_z_1_mean_diff,43.0,2
349,molecule_type_z_1_mean_div,48.5,2
350,molecule_type_z_1_max,86.5,2
351,molecule_type_z_1_max_diff,16.5,2
352,molecule_type_z_1_max_div,17.0,2
353,molecule_type_z_1_std,77.0,2
354,molecule_type_z_1_std_diff,95.0,2
355,molecule_type_z_1_std_div,85.5,2
356,molecule_type_z_1_min,99.5,2
357,molecule_type_z_1_min_diff,27.5,2
358,molecule_type_z_1_min_div,15.0,2
359,molecule_type_dist_mean,182.0,2
360,molecule_type_dist_mean_diff,132.5,2
361,molecule_type_dist_mean_div,84.5,2
362,molecule_type_dist_max,242.0,2
363,molecule_type_dist_max_diff,67.0,2
364,molecule_type_dist_max_div,43.0,2
365,molecule_type_dist_std,150.0,2
366,molecule_type_dist_std_diff,228.5,2
367,molecule_type_dist_std_div,89.5,2
368,molecule_type_dist_min,79.5,2
369,molecule_type_dist_min_diff,69.5,2
370,molecule_type_dist_min_div,35.5,2
371,molecule_type_dist_x_mean,105.5,2
372,molecule_type_dist_x_mean_diff,85.0,2
373,molecule_type_dist_x_mean_div,92.5,2
374,molecule_type_dist_x_max,115.5,2
375,molecule_type_dist_x_max_diff,58.0,2
376,molecule_type_dist_x_max_div,39.5,2
377,molecule_type_dist_x_std,135.5,2
378,molecule_type_dist_x_std_diff,147.5,2
379,molecule_type_dist_x_std_div,163.0,2
380,molecule_type_dist_x_min,133.5,2
381,molecule_type_dist_x_min_diff,37.0,2
382,molecule_type_dist_x_min_div,53.0,2
383,molecule_type_dist_y_mean,155.0,2
384,molecule_type_dist_y_mean_diff,76.5,2
385,molecule_type_dist_y_mean_div,84.5,2
386,molecule_type_dist_y_max,135.0,2
387,molecule_type_dist_y_max_diff,52.0,2
388,molecule_type_dist_y_max_div,30.0,2
389,molecule_type_dist_y_std,139.5,2
390,molecule_type_dist_y_std_diff,148.5,2
391,molecule_type_dist_y_std_div,179.5,2
392,molecule_type_dist_y_min,167.0,2
393,molecule_type_dist_y_min_diff,36.0,2
394,molecule_type_dist_y_min_div,51.5,2
395,molecule_type_dist_z_mean,101.5,2
396,molecule_type_dist_z_mean_diff,84.0,2
397,molecule_type_dist_z_mean_div,86.5,2
398,molecule_type_dist_z_max,122.5,2
399,molecule_type_dist_z_max_diff,34.5,2
400,molecule_type_dist_z_max_div,33.0,2
401,molecule_type_dist_z_std,159.0,2
402,molecule_type_dist_z_std_diff,122.0,2
403,molecule_type_dist_z_std_div,170.0,2
404,molecule_type_dist_z_min,130.0,2
405,molecule_type_dist_z_min_diff,45.0,2
406,molecule_type_dist_z_min_div,60.5,2
407,molecule_atom_1_x_1_mean,143.0,2
408,molecule_atom_1_x_1_mean_diff,140.5,2
409,molecule_atom_1_x_1_mean_div,142.0,2
410,molecule_atom_1_x_1_max,142.0,2
411,molecule_atom_1_x_1_max_diff,62.5,2
412,molecule_atom_1_x_1_max_div,44.0,2
413,molecule_atom_1_x_1_std,130.5,2
414,molecule_atom_1_x_1_std_diff,126.5,2
415,molecule_atom_1_x_1_std_div,108.5,2
416,molecule_atom_1_x_1_min,120.5,2
417,molecule_atom_1_x_1_min_diff,73.5,2
418,molecule_atom_1_x_1_min_div,53.5,2
419,molecule_atom_1_y_1_mean,145.5,2
420,molecule_atom_1_y_1_mean_diff,109.5,2
421,molecule_atom_1_y_1_mean_div,96.5,2
422,molecule_atom_1_y_1_max,94.0,2
423,molecule_atom_1_y_1_max_diff,22.5,2
424,molecule_atom_1_y_1_max_div,31.5,2
425,molecule_atom_1_y_1_std,133.0,2
426,molecule_atom_1_y_1_std_diff,115.5,2
427,molecule_atom_1_y_1_std_div,103.0,2
428,molecule_atom_1_y_1_min,142.0,2
429,molecule_atom_1_y_1_min_diff,59.5,2
430,molecule_atom_1_y_1_min_div,29.0,2
431,molecule_atom_1_z_1_mean,163.0,2
432,molecule_atom_1_z_1_mean_diff,149.0,2
433,molecule_atom_1_z_1_mean_div,137.0,2
434,molecule_atom_1_z_1_max,127.5,2
435,molecule_atom_1_z_1_max_diff,64.0,2
436,molecule_atom_1_z_1_max_div,46.5,2
437,molecule_atom_1_z_1_std,135.0,2
438,molecule_atom_1_z_1_std_diff,126.5,2
439,molecule_atom_1_z_1_std_div,146.0,2
440,molecule_atom_1_z_1_min,127.5,2
441,molecule_atom_1_z_1_min_diff,71.0,2
442,molecule_atom_1_z_1_min_div,63.5,2
443,molecule_atom_1_dist_mean,134.0,2
444,molecule_atom_1_dist_mean_diff,108.5,2
445,molecule_atom_1_dist_mean_div,118.5,2
446,molecule_atom_1_dist_max,151.5,2
447,molecule_atom_1_dist_max_diff,123.0,2
448,molecule_atom_1_dist_max_div,153.0,2
449,molecule_atom_1_dist_std,208.5,2
450,molecule_atom_1_dist_std_diff,195.0,2
451,molecule_atom_1_dist_std_div,156.0,2
452,molecule_atom_1_dist_min,38.0,2
453,molecule_atom_1_dist_min_diff,16.0,2
454,molecule_atom_1_dist_min_div,11.0,2
455,molecule_atom_1_dist_x_mean,154.5,2
456,molecule_atom_1_dist_x_mean_diff,189.0,2
457,molecule_atom_1_dist_x_mean_div,133.5,2
458,molecule_atom_1_dist_x_max,132.0,2
459,molecule_atom_1_dist_x_max_diff,145.5,2
460,molecule_atom_1_dist_x_max_div,104.5,2
461,molecule_atom_1_dist_x_std,177.0,2
462,molecule_atom_1_dist_x_std_diff,221.5,2
463,molecule_atom_1_dist_x_std_div,160.5,2
464,molecule_atom_1_dist_x_min,273.5,2
465,molecule_atom_1_dist_x_min_diff,135.0,2
466,molecule_atom_1_dist_x_min_div,203.5,2
467,molecule_atom_1_dist_y_mean,185.5,2
468,molecule_atom_1_dist_y_mean_diff,172.5,2
469,molecule_atom_1_dist_y_mean_div,127.5,2
470,molecule_atom_1_dist_y_max,148.5,2
471,molecule_atom_1_dist_y_max_diff,159.5,2
472,molecule_atom_1_dist_y_max_div,127.5,2
473,molecule_atom_1_dist_y_std,207.0,2
474,molecule_atom_1_dist_y_std_diff,232.5,2
475,molecule_atom_1_dist_y_std_div,148.0,2
476,molecule_atom_1_dist_y_min,302.0,2
477,molecule_atom_1_dist_y_min_diff,97.5,2
478,molecule_atom_1_dist_y_min_div,203.0,2
479,molecule_atom_1_dist_z_mean,147.0,2
480,molecule_atom_1_dist_z_mean_diff,145.0,2
481,molecule_atom_1_dist_z_mean_div,117.0,2
482,molecule_atom_1_dist_z_max,130.5,2
483,molecule_atom_1_dist_z_max_diff,124.5,2
484,molecule_atom_1_dist_z_max_div,99.5,2
485,molecule_atom_1_dist_z_std,150.5,2
486,molecule_atom_1_dist_z_std_diff,192.0,2
487,molecule_atom_1_dist_z_std_div,137.0,2
488,molecule_atom_1_dist_z_min,269.5,2
489,molecule_atom_1_dist_z_min_diff,98.0,2
490,molecule_atom_1_dist_z_min_div,216.5,2
491,molecule_type_0_x_1_mean,186.5,2
492,molecule_type_0_x_1_mean_diff,187.0,2
493,molecule_type_0_x_1_mean_div,252.5,2
494,molecule_type_0_x_1_max,205.0,2
495,molecule_type_0_x_1_max_diff,146.0,2
496,molecule_type_0_x_1_max_div,116.0,2
497,molecule_type_0_x_1_std,294.0,2
498,molecule_type_0_x_1_std_diff,119.5,2
499,molecule_type_0_x_1_std_div,151.5,2
500,molecule_type_0_x_1_min,189.0,2
501,molecule_type_0_x_1_min_diff,166.5,2
502,molecule_type_0_x_1_min_div,127.5,2
503,molecule_type_0_y_1_mean,201.5,2
504,molecule_type_0_y_1_mean_diff,106.0,2
505,molecule_type_0_y_1_mean_div,262.5,2
506,molecule_type_0_y_1_max,213.5,2
507,molecule_type_0_y_1_max_diff,70.5,2
508,molecule_type_0_y_1_max_div,95.5,2
509,molecule_type_0_y_1_std,246.5,2
510,molecule_type_0_y_1_std_diff,105.5,2
511,molecule_type_0_y_1_std_div,120.5,2
512,molecule_type_0_y_1_min,172.0,2
513,molecule_type_0_y_1_min_diff,121.0,2
514,molecule_type_0_y_1_min_div,87.0,2
515,molecule_type_0_z_1_mean,211.0,2
516,molecule_type_0_z_1_mean_diff,163.0,2
517,molecule_type_0_z_1_mean_div,286.5,2
518,molecule_type_0_z_1_max,200.5,2
519,molecule_type_0_z_1_max_diff,111.0,2
520,molecule_type_0_z_1_max_div,129.5,2
521,molecule_type_0_z_1_std,211.5,2
522,molecule_type_0_z_1_std_diff,132.0,2
523,molecule_type_0_z_1_std_div,184.5,2
524,molecule_type_0_z_1_min,213.0,2
525,molecule_type_0_z_1_min_diff,162.0,2
526,molecule_type_0_z_1_min_div,148.5,2
527,molecule_type_0_dist_mean,166.5,2
528,molecule_type_0_dist_mean_diff,145.0,2
529,molecule_type_0_dist_mean_div,137.5,2
530,molecule_type_0_dist_max,285.5,2
531,molecule_type_0_dist_max_diff,249.5,2
532,molecule_type_0_dist_max_div,186.0,2
533,molecule_type_0_dist_std,174.0,2
534,molecule_type_0_dist_std_diff,236.5,2
535,molecule_type_0_dist_std_div,172.5,2
536,molecule_type_0_dist_min,14.5,2
537,molecule_type_0_dist_min_diff,3.0,2
538,molecule_type_0_dist_min_div,3.5,2
539,molecule_type_0_dist_x_mean,257.5,2
540,molecule_type_0_dist_x_mean_diff,188.0,2
541,molecule_type_0_dist_x_mean_div,139.0,2
542,molecule_type_0_dist_x_max,369.5,2
543,molecule_type_0_dist_x_max_diff,183.5,2
544,molecule_type_0_dist_x_max_div,77.5,2
545,molecule_type_0_dist_x_std,376.5,2
546,molecule_type_0_dist_x_std_diff,164.5,2
547,molecule_type_0_dist_x_std_div,114.0,2
548,molecule_type_0_dist_x_min,302.0,2
549,molecule_type_0_dist_x_min_diff,137.5,2
550,molecule_type_0_dist_x_min_div,306.5,2
551,molecule_type_0_dist_y_mean,350.0,2
552,molecule_type_0_dist_y_mean_diff,195.0,2
553,molecule_type_0_dist_y_mean_div,153.0,2
554,molecule_type_0_dist_y_max,266.5,2
555,molecule_type_0_dist_y_max_diff,224.0,2
556,molecule_type_0_dist_y_max_div,97.5,2
557,molecule_type_0_dist_y_std,327.5,2
558,molecule_type_0_dist_y_std_diff,181.5,2
559,molecule_type_0_dist_y_std_div,147.5,2
560,molecule_type_0_dist_y_min,320.0,2
561,molecule_type_0_dist_y_min_diff,134.0,2
562,molecule_type_0_dist_y_min_div,294.5,2
563,molecule_type_0_dist_z_mean,234.5,2
564,molecule_type_0_dist_z_mean_diff,184.0,2
565,molecule_type_0_dist_z_mean_div,132.0,2
566,molecule_type_0_dist_z_max,275.0,2
567,molecule_type_0_dist_z_max_diff,176.5,2
568,molecule_type_0_dist_z_max_div,87.5,2
569,molecule_type_0_dist_z_std,322.5,2
570,molecule_type_0_dist_z_std_diff,154.0,2
571,molecule_type_0_dist_z_std_div,141.5,2
572,molecule_type_0_dist_z_min,354.5,2
573,molecule_type_0_dist_z_min_diff,103.0,2
574,molecule_type_0_dist_z_min_div,305.0,2
575,dist_inv2,77.5,2
576,atom_index_closest_0,16.0,2
577,distance_closest_0,13.5,2
578,x_closest_0,1.5,2
579,y_closest_0,1.5,2
580,z_closest_0,1.0,2
581,max_distance_x,66.5,2
582,atom_index_closest_1,33.0,2
583,distance_closest_1,55.0,2
584,x_closest_1,101.5,2
585,y_closest_1,75.5,2
586,z_closest_1,93.0,2
587,max_distance_y,12.5,2
588,atom_index_farthest_0,97.5,2
589,distance_farthest_0,28.0,2
590,x_farthest_0,248.0,2
591,y_farthest_0,211.5,2
592,z_farthest_0,313.0,2
593,min_distance_x,2.0,2
594,atom_index_farthest_1,61.0,2
595,distance_farthest_1,5.5,2
596,x_farthest_1,255.5,2
597,y_farthest_1,221.5,2
598,z_farthest_1,241.0,2
599,min_distance_y,10.5,2
600,distance_center0,375.5,2
601,distance_center1,338.5,2
602,distance_c0,1.0,2
603,distance_c1,4.0,2
604,distance_f0,11.5,2
605,distance_f1,3.0,2
606,cos_c0_c1,266.5,2
607,cos_f0_f1,311.5,2
608,cos_c0_f0,342.0,2
609,cos_c1_f1,258.0,2
610,cos_center0_center1,375.0,2
611,cos_c0,59.5,2
612,cos_c1,224.0,2
613,cos_f0,215.5,2
614,cos_f1,292.0,2
615,cos_center0,303.5,2
616,cos_center1,323.0,2
617,rc_A,407.5,2
618,rc_B,310.5,2
619,rc_C,327.0,2
620,mu,521.5,2
621,alpha,334.0,2
622,homo,404.5,2
623,lumo,436.0,2
624,gap,372.0,2
625,zpve,150.5,2
626,Cv,283.0,2
627,freqs_min,357.0,2
628,freqs_max,347.5,2
629,freqs_mean,290.0,2
630,mulliken_min,244.0,2
631,mulliken_max,488.5,2
632,mulliken_atom_0,975.0,2
633,mulliken_atom_1,321.5,2
634,type_1JHN,0.0,2
635,type_2JHC,0.0,2
636,type_2JHH,0.0,2
637,type_2JHN,0.0,2
638,type_3JHC,0.0,2
639,type_3JHH,0.0,2
640,type_3JHN,0.0,2
641,atom_1_H,0.0,2
642,atom_1_N,0.0,2
643,flatness_metric,299.5,2
644,thinness_metric,299.0,2
645,roundness_metric,319.0,2
646,bond_angle_plane,432.5,2
647,bond_angle_axis,528.0,2
