,feature,importance,fold
0,molecule_name,825.0,1
1,id,512.5,1
2,type,0.0,1
3,inv_dist0,1428.5,1
4,inv_dist1,796.5,1
5,inv_distP,887.0,1
6,inv_dist0R,2663.5,1
7,inv_dist1R,1436.0,1
8,inv_distPR,1636.0,1
9,inv_dist0E,1381.5,1
10,inv_dist1E,885.5,1
11,inv_distPE,991.0,1
12,linkM0,2235.5,1
13,linkM1,1811.0,1
14,min_molecule_atom_0_dist_xyz,1799.5,1
15,mean_molecule_atom_0_dist_xyz,1764.5,1
16,max_molecule_atom_0_dist_xyz,2197.5,1
17,sd_molecule_atom_0_dist_xyz,1275.5,1
18,min_molecule_atom_1_dist_xyz,2037.5,1
19,mean_molecule_atom_1_dist_xyz,958.0,1
20,max_molecule_atom_1_dist_xyz,1347.0,1
21,sd_molecule_atom_1_dist_xyz,966.0,1
22,coulomb_C.x,859.0,1
23,coulomb_F.x,18.5,1
24,coulomb_H.x,613.0,1
25,coulomb_N.x,466.0,1
26,coulomb_O.x,1734.0,1
27,yukawa_C.x,1157.5,1
28,yukawa_F.x,19.5,1
29,yukawa_H.x,1229.0,1
30,yukawa_N.x,778.5,1
31,yukawa_O.x,2554.0,1
32,vander_C.x,1204.5,1
33,vander_F.x,16.0,1
34,vander_H.x,1370.5,1
35,vander_N.x,722.5,1
36,vander_O.x,2354.0,1
37,coulomb_C.y,872.0,1
38,coulomb_F.y,14.0,1
39,coulomb_H.y,594.0,1
40,coulomb_N.y,594.0,1
41,coulomb_O.y,1573.5,1
42,yukawa_C.y,1351.5,1
43,yukawa_F.y,16.0,1
44,yukawa_H.y,875.0,1
45,yukawa_N.y,817.0,1
46,yukawa_O.y,1903.0,1
47,vander_C.y,1664.5,1
48,vander_F.y,30.5,1
49,vander_H.y,640.5,1
50,vander_N.y,815.0,1
51,vander_O.y,1969.0,1
52,distC0,2237.0,1
53,distH0,0.0,1
54,distN0,0.0,1
55,distC1,1397.0,1
56,distH1,0.0,1
57,distN1,0.0,1
58,adH1,2568.0,1
59,adH2,1448.5,1
60,adH3,406.5,1
61,adH4,56.5,1
62,adC1,1888.5,1
63,adC2,4522.0,1
64,adC3,4209.5,1
65,adC4,3398.5,1
66,adN1,3442.0,1
67,adN2,976.0,1
68,adN3,106.5,1
69,adN4,11.5,1
70,NC,32.5,1
71,NH,40.0,1
72,NN,50.0,1
73,NF,2.0,1
74,NO,74.5,1
75,atom_index_0,348.0,1
76,atom_index_1,356.0,1
77,atom_0,0.0,1
78,x_0,874.0,1
79,y_0,847.0,1
80,z_0,931.0,1
81,dist_C_0_x,938.5,1
82,dist_C_1_x,1131.0,1
83,dist_C_2_x,1161.5,1
84,dist_C_3_x,1403.5,1
85,dist_C_4_x,1572.0,1
86,dist_F_0_x,11.0,1
87,dist_F_1_x,0.0,1
88,dist_F_2_x,3.5,1
89,dist_F_3_x,0.0,1
90,dist_F_4_x,0.0,1
91,dist_H_0_x,1982.5,1
92,dist_H_1_x,1446.5,1
93,dist_H_2_x,1479.5,1
94,dist_H_3_x,1537.5,1
95,dist_H_4_x,1513.0,1
96,dist_N_0_x,1113.0,1
97,dist_N_1_x,393.0,1
98,dist_N_2_x,89.0,1
99,dist_N_3_x,26.5,1
100,dist_N_4_x,9.0,1
101,dist_O_0_x,1753.0,1
102,dist_O_1_x,1369.0,1
103,dist_O_2_x,373.0,1
104,dist_O_3_x,40.5,1
105,dist_O_4_x,0.0,1
106,atom_1,0.0,1
107,x_1,291.5,1
108,y_1,299.5,1
109,z_1,380.5,1
110,dist_C_0_y,1348.0,1
111,dist_C_1_y,1072.5,1
112,dist_C_2_y,1204.5,1
113,dist_C_3_y,1479.5,1
114,dist_C_4_y,1650.0,1
115,dist_F_0_y,6.0,1
116,dist_F_1_y,2.5,1
117,dist_F_2_y,0.5,1
118,dist_F_3_y,0.0,1
119,dist_F_4_y,0.0,1
120,dist_H_0_y,1133.5,1
121,dist_H_1_y,1347.0,1
122,dist_H_2_y,1122.5,1
123,dist_H_3_y,1151.0,1
124,dist_H_4_y,1268.5,1
125,dist_N_0_y,1008.5,1
126,dist_N_1_y,343.5,1
127,dist_N_2_y,90.5,1
128,dist_N_3_y,20.0,1
129,dist_N_4_y,8.0,1
130,dist_O_0_y,1613.5,1
131,dist_O_1_y,1288.5,1
132,dist_O_2_y,340.0,1
133,dist_O_3_y,30.0,1
134,dist_O_4_y,0.0,1
135,c_x,387.5,1
136,c_y,393.0,1
137,c_z,431.5,1
138,dist,1067.5,1
139,dist_x,189.5,1
140,dist_y,155.5,1
141,dist_z,222.5,1
142,type_0,0.0,1
143,molecule_couples,450.5,1
144,molecule_dist_mean,1295.0,1
145,molecule_dist_min,1181.5,1
146,molecule_dist_max,997.0,1
147,molecule_dist_std,945.5,1
148,atom_0_couples_count,210.5,1
149,atom_1_couples_count,198.5,1
150,molecule_atom_index_0_count,158.5,1
151,molecule_atom_index_1_count,63.0,1
152,molecule_type_count,26.5,1
153,molecule_atom_1_count,7.0,1
154,molecule_type_0_count,3.0,1
155,molecule_atom_index_0_x_1_mean,466.0,1
156,molecule_atom_index_0_x_1_mean_diff,1063.0,1
157,molecule_atom_index_0_x_1_mean_div,990.0,1
158,molecule_atom_index_0_x_1_max,633.0,1
159,molecule_atom_index_0_x_1_max_diff,1003.0,1
160,molecule_atom_index_0_x_1_max_div,532.5,1
161,molecule_atom_index_0_x_1_std,1172.5,1
162,molecule_atom_index_0_x_1_std_diff,443.0,1
163,molecule_atom_index_0_x_1_std_div,436.5,1
164,molecule_atom_index_0_x_1_min,554.0,1
165,molecule_atom_index_0_x_1_min_diff,1009.0,1
166,molecule_atom_index_0_x_1_min_div,566.0,1
167,molecule_atom_index_0_y_1_mean,517.0,1
168,molecule_atom_index_0_y_1_mean_diff,1024.0,1
169,molecule_atom_index_0_y_1_mean_div,966.5,1
170,molecule_atom_index_0_y_1_max,569.5,1
171,molecule_atom_index_0_y_1_max_diff,1052.5,1
172,molecule_atom_index_0_y_1_max_div,729.0,1
173,molecule_atom_index_0_y_1_std,1235.5,1
174,molecule_atom_index_0_y_1_std_diff,491.5,1
175,molecule_atom_index_0_y_1_std_div,482.5,1
176,molecule_atom_index_0_y_1_min,615.5,1
177,molecule_atom_index_0_y_1_min_diff,1052.0,1
178,molecule_atom_index_0_y_1_min_div,503.0,1
179,molecule_atom_index_0_z_1_mean,631.5,1
180,molecule_atom_index_0_z_1_mean_diff,1081.0,1
181,molecule_atom_index_0_z_1_mean_div,1078.0,1
182,molecule_atom_index_0_z_1_max,653.0,1
183,molecule_atom_index_0_z_1_max_diff,966.0,1
184,molecule_atom_index_0_z_1_max_div,447.0,1
185,molecule_atom_index_0_z_1_std,1104.0,1
186,molecule_atom_index_0_z_1_std_diff,536.0,1
187,molecule_atom_index_0_z_1_std_div,375.0,1
188,molecule_atom_index_0_z_1_min,637.0,1
189,molecule_atom_index_0_z_1_min_diff,1000.0,1
190,molecule_atom_index_0_z_1_min_div,517.5,1
191,molecule_atom_index_0_dist_mean,710.5,1
192,molecule_atom_index_0_dist_mean_diff,1421.0,1
193,molecule_atom_index_0_dist_mean_div,1274.5,1
194,molecule_atom_index_0_dist_max,865.0,1
195,molecule_atom_index_0_dist_max_diff,1591.0,1
196,molecule_atom_index_0_dist_max_div,1632.0,1
197,molecule_atom_index_0_dist_std,523.5,1
198,molecule_atom_index_0_dist_std_diff,1226.0,1
199,molecule_atom_index_0_dist_std_div,1078.5,1
200,molecule_atom_index_0_dist_min,660.5,1
201,molecule_atom_index_0_dist_min_diff,1074.0,1
202,molecule_atom_index_0_dist_min_div,1621.0,1
203,molecule_atom_index_0_dist_x_mean,768.0,1
204,molecule_atom_index_0_dist_x_mean_diff,845.5,1
205,molecule_atom_index_0_dist_x_mean_div,517.5,1
206,molecule_atom_index_0_dist_x_max,777.5,1
207,molecule_atom_index_0_dist_x_max_diff,985.0,1
208,molecule_atom_index_0_dist_x_max_div,465.0,1
209,molecule_atom_index_0_dist_x_std,752.0,1
210,molecule_atom_index_0_dist_x_std_diff,754.5,1
211,molecule_atom_index_0_dist_x_std_div,452.5,1
212,molecule_atom_index_0_dist_x_min,1016.0,1
213,molecule_atom_index_0_dist_x_min_diff,435.0,1
214,molecule_atom_index_0_dist_x_min_div,1065.0,1
215,molecule_atom_index_0_dist_y_mean,791.5,1
216,molecule_atom_index_0_dist_y_mean_diff,842.0,1
217,molecule_atom_index_0_dist_y_mean_div,540.0,1
218,molecule_atom_index_0_dist_y_max,890.0,1
219,molecule_atom_index_0_dist_y_max_diff,997.5,1
220,molecule_atom_index_0_dist_y_max_div,432.5,1
221,molecule_atom_index_0_dist_y_std,817.0,1
222,molecule_atom_index_0_dist_y_std_diff,707.5,1
223,molecule_atom_index_0_dist_y_std_div,417.0,1
224,molecule_atom_index_0_dist_y_min,1113.0,1
225,molecule_atom_index_0_dist_y_min_diff,431.0,1
226,molecule_atom_index_0_dist_y_min_div,937.0,1
227,molecule_atom_index_0_dist_z_mean,803.5,1
228,molecule_atom_index_0_dist_z_mean_diff,974.5,1
229,molecule_atom_index_0_dist_z_mean_div,618.5,1
230,molecule_atom_index_0_dist_z_max,727.0,1
231,molecule_atom_index_0_dist_z_max_diff,983.5,1
232,molecule_atom_index_0_dist_z_max_div,507.5,1
233,molecule_atom_index_0_dist_z_std,779.5,1
234,molecule_atom_index_0_dist_z_std_diff,816.0,1
235,molecule_atom_index_0_dist_z_std_div,466.0,1
236,molecule_atom_index_0_dist_z_min,1062.5,1
237,molecule_atom_index_0_dist_z_min_diff,526.0,1
238,molecule_atom_index_0_dist_z_min_div,1086.5,1
239,molecule_atom_index_1_x_1_mean,132.5,1
240,molecule_atom_index_1_x_1_mean_diff,266.0,1
241,molecule_atom_index_1_x_1_mean_div,0.0,1
242,molecule_atom_index_1_x_1_max,56.5,1
243,molecule_atom_index_1_x_1_max_diff,0.0,1
244,molecule_atom_index_1_x_1_max_div,0.0,1
245,molecule_atom_index_1_x_1_std,0.5,1
246,molecule_atom_index_1_x_1_std_diff,201.0,1
247,molecule_atom_index_1_x_1_std_div,0.0,1
248,molecule_atom_index_1_x_1_min,14.5,1
249,molecule_atom_index_1_x_1_min_diff,0.0,1
250,molecule_atom_index_1_x_1_min_div,0.0,1
251,molecule_atom_index_1_y_1_mean,115.5,1
252,molecule_atom_index_1_y_1_mean_diff,260.5,1
253,molecule_atom_index_1_y_1_mean_div,0.0,1
254,molecule_atom_index_1_y_1_max,56.0,1
255,molecule_atom_index_1_y_1_max_diff,0.0,1
256,molecule_atom_index_1_y_1_max_div,0.0,1
257,molecule_atom_index_1_y_1_std,0.0,1
258,molecule_atom_index_1_y_1_std_diff,183.0,1
259,molecule_atom_index_1_y_1_std_div,0.0,1
260,molecule_atom_index_1_y_1_min,8.5,1
261,molecule_atom_index_1_y_1_min_diff,0.0,1
262,molecule_atom_index_1_y_1_min_div,0.0,1
263,molecule_atom_index_1_z_1_mean,135.0,1
264,molecule_atom_index_1_z_1_mean_diff,326.0,1
265,molecule_atom_index_1_z_1_mean_div,0.0,1
266,molecule_atom_index_1_z_1_max,52.0,1
267,molecule_atom_index_1_z_1_max_diff,0.0,1
268,molecule_atom_index_1_z_1_max_div,0.0,1
269,molecule_atom_index_1_z_1_std,0.0,1
270,molecule_atom_index_1_z_1_std_diff,236.5,1
271,molecule_atom_index_1_z_1_std_div,0.0,1
272,molecule_atom_index_1_z_1_min,13.0,1
273,molecule_atom_index_1_z_1_min_diff,0.0,1
274,molecule_atom_index_1_z_1_min_div,0.0,1
275,molecule_atom_index_1_dist_mean,367.0,1
276,molecule_atom_index_1_dist_mean_diff,769.0,1
277,molecule_atom_index_1_dist_mean_div,620.0,1
278,molecule_atom_index_1_dist_max,560.5,1
279,molecule_atom_index_1_dist_max_diff,945.0,1
280,molecule_atom_index_1_dist_max_div,920.0,1
281,molecule_atom_index_1_dist_std,408.5,1
282,molecule_atom_index_1_dist_std_diff,1055.0,1
283,molecule_atom_index_1_dist_std_div,765.5,1
284,molecule_atom_index_1_dist_min,787.5,1
285,molecule_atom_index_1_dist_min_diff,1149.0,1
286,molecule_atom_index_1_dist_min_div,1227.5,1
287,molecule_atom_index_1_dist_x_mean,824.5,1
288,molecule_atom_index_1_dist_x_mean_diff,648.5,1
289,molecule_atom_index_1_dist_x_mean_div,406.0,1
290,molecule_atom_index_1_dist_x_max,806.5,1
291,molecule_atom_index_1_dist_x_max_diff,824.0,1
292,molecule_atom_index_1_dist_x_max_div,345.5,1
293,molecule_atom_index_1_dist_x_std,810.0,1
294,molecule_atom_index_1_dist_x_std_diff,617.0,1
295,molecule_atom_index_1_dist_x_std_div,426.0,1
296,molecule_atom_index_1_dist_x_min,1055.0,1
297,molecule_atom_index_1_dist_x_min_diff,369.0,1
298,molecule_atom_index_1_dist_x_min_div,935.5,1
299,molecule_atom_index_1_dist_y_mean,898.5,1
300,molecule_atom_index_1_dist_y_mean_diff,680.0,1
301,molecule_atom_index_1_dist_y_mean_div,454.5,1
302,molecule_atom_index_1_dist_y_max,862.5,1
303,molecule_atom_index_1_dist_y_max_diff,811.0,1
304,molecule_atom_index_1_dist_y_max_div,323.5,1
305,molecule_atom_index_1_dist_y_std,896.5,1
306,molecule_atom_index_1_dist_y_std_diff,676.5,1
307,molecule_atom_index_1_dist_y_std_div,469.0,1
308,molecule_atom_index_1_dist_y_min,1024.0,1
309,molecule_atom_index_1_dist_y_min_diff,412.0,1
310,molecule_atom_index_1_dist_y_min_div,918.5,1
311,molecule_atom_index_1_dist_z_mean,794.0,1
312,molecule_atom_index_1_dist_z_mean_diff,676.5,1
313,molecule_atom_index_1_dist_z_mean_div,442.5,1
314,molecule_atom_index_1_dist_z_max,769.5,1
315,molecule_atom_index_1_dist_z_max_diff,754.5,1
316,molecule_atom_index_1_dist_z_max_div,361.5,1
317,molecule_atom_index_1_dist_z_std,822.0,1
318,molecule_atom_index_1_dist_z_std_diff,657.0,1
319,molecule_atom_index_1_dist_z_std_div,465.5,1
320,molecule_atom_index_1_dist_z_min,1058.0,1
321,molecule_atom_index_1_dist_z_min_diff,398.0,1
322,molecule_atom_index_1_dist_z_min_div,823.5,1
323,molecule_type_x_1_mean,370.0,1
324,molecule_type_x_1_mean_diff,500.0,1
325,molecule_type_x_1_mean_div,599.0,1
326,molecule_type_x_1_max,487.5,1
327,molecule_type_x_1_max_diff,557.5,1
328,molecule_type_x_1_max_div,384.0,1
329,molecule_type_x_1_std,716.5,1
330,molecule_type_x_1_std_diff,377.0,1
331,molecule_type_x_1_std_div,385.0,1
332,molecule_type_x_1_min,505.5,1
333,molecule_type_x_1_min_diff,535.0,1
334,molecule_type_x_1_min_div,512.0,1
335,molecule_type_y_1_mean,425.5,1
336,molecule_type_y_1_mean_diff,546.0,1
337,molecule_type_y_1_mean_div,654.5,1
338,molecule_type_y_1_max,625.5,1
339,molecule_type_y_1_max_diff,549.5,1
340,molecule_type_y_1_max_div,587.5,1
341,molecule_type_y_1_std,785.5,1
342,molecule_type_y_1_std_diff,340.5,1
343,molecule_type_y_1_std_div,435.0,1
344,molecule_type_y_1_min,471.5,1
345,molecule_type_y_1_min_diff,507.0,1
346,molecule_type_y_1_min_div,367.5,1
347,molecule_type_z_1_mean,468.5,1
348,molecule_type_z_1_mean_diff,520.0,1
349,molecule_type_z_1_mean_div,716.0,1
350,molecule_type_z_1_max,553.5,1
351,molecule_type_z_1_max_diff,561.0,1
352,molecule_type_z_1_max_div,408.5,1
353,molecule_type_z_1_std,711.5,1
354,molecule_type_z_1_std_diff,442.5,1
355,molecule_type_z_1_std_div,395.0,1
356,molecule_type_z_1_min,576.0,1
357,molecule_type_z_1_min_diff,557.5,1
358,molecule_type_z_1_min_div,450.5,1
359,molecule_type_dist_mean,917.0,1
360,molecule_type_dist_mean_diff,912.0,1
361,molecule_type_dist_mean_div,725.0,1
362,molecule_type_dist_max,1470.5,1
363,molecule_type_dist_max_diff,931.5,1
364,molecule_type_dist_max_div,789.5,1
365,molecule_type_dist_std,788.5,1
366,molecule_type_dist_std_diff,984.5,1
367,molecule_type_dist_std_div,772.5,1
368,molecule_type_dist_min,1064.5,1
369,molecule_type_dist_min_diff,959.0,1
370,molecule_type_dist_min_div,858.5,1
371,molecule_type_dist_x_mean,790.0,1
372,molecule_type_dist_x_mean_diff,430.5,1
373,molecule_type_dist_x_mean_div,305.5,1
374,molecule_type_dist_x_max,754.5,1
375,molecule_type_dist_x_max_diff,495.5,1
376,molecule_type_dist_x_max_div,200.0,1
377,molecule_type_dist_x_std,828.5,1
378,molecule_type_dist_x_std_diff,334.0,1
379,molecule_type_dist_x_std_div,252.5,1
380,molecule_type_dist_x_min,804.5,1
381,molecule_type_dist_x_min_diff,267.5,1
382,molecule_type_dist_x_min_div,818.5,1
383,molecule_type_dist_y_mean,792.5,1
384,molecule_type_dist_y_mean_diff,429.5,1
385,molecule_type_dist_y_mean_div,310.0,1
386,molecule_type_dist_y_max,812.5,1
387,molecule_type_dist_y_max_diff,519.5,1
388,molecule_type_dist_y_max_div,187.5,1
389,molecule_type_dist_y_std,855.5,1
390,molecule_type_dist_y_std_diff,347.5,1
391,molecule_type_dist_y_std_div,246.0,1
392,molecule_type_dist_y_min,882.5,1
393,molecule_type_dist_y_min_diff,282.5,1
394,molecule_type_dist_y_min_div,799.0,1
395,molecule_type_dist_z_mean,802.0,1
396,molecule_type_dist_z_mean_diff,418.0,1
397,molecule_type_dist_z_mean_div,311.0,1
398,molecule_type_dist_z_max,759.0,1
399,molecule_type_dist_z_max_diff,542.5,1
400,molecule_type_dist_z_max_div,187.5,1
401,molecule_type_dist_z_std,773.0,1
402,molecule_type_dist_z_std_diff,408.5,1
403,molecule_type_dist_z_std_div,269.5,1
404,molecule_type_dist_z_min,797.5,1
405,molecule_type_dist_z_min_diff,267.0,1
406,molecule_type_dist_z_min_div,774.5,1
407,molecule_atom_1_x_1_mean,331.0,1
408,molecule_atom_1_x_1_mean_diff,497.0,1
409,molecule_atom_1_x_1_mean_div,585.5,1
410,molecule_atom_1_x_1_max,482.0,1
411,molecule_atom_1_x_1_max_diff,547.0,1
412,molecule_atom_1_x_1_max_div,355.5,1
413,molecule_atom_1_x_1_std,602.0,1
414,molecule_atom_1_x_1_std_diff,312.0,1
415,molecule_atom_1_x_1_std_div,319.0,1
416,molecule_atom_1_x_1_min,516.5,1
417,molecule_atom_1_x_1_min_diff,534.5,1
418,molecule_atom_1_x_1_min_div,450.0,1
419,molecule_atom_1_y_1_mean,364.0,1
420,molecule_atom_1_y_1_mean_diff,480.5,1
421,molecule_atom_1_y_1_mean_div,546.5,1
422,molecule_atom_1_y_1_max,582.0,1
423,molecule_atom_1_y_1_max_diff,450.5,1
424,molecule_atom_1_y_1_max_div,464.0,1
425,molecule_atom_1_y_1_std,578.0,1
426,molecule_atom_1_y_1_std_diff,301.5,1
427,molecule_atom_1_y_1_std_div,323.0,1
428,molecule_atom_1_y_1_min,491.5,1
429,molecule_atom_1_y_1_min_diff,582.5,1
430,molecule_atom_1_y_1_min_div,291.5,1
431,molecule_atom_1_z_1_mean,460.5,1
432,molecule_atom_1_z_1_mean_diff,478.0,1
433,molecule_atom_1_z_1_mean_div,741.0,1
434,molecule_atom_1_z_1_max,539.5,1
435,molecule_atom_1_z_1_max_diff,543.5,1
436,molecule_atom_1_z_1_max_div,374.5,1
437,molecule_atom_1_z_1_std,565.5,1
438,molecule_atom_1_z_1_std_diff,364.0,1
439,molecule_atom_1_z_1_std_div,290.0,1
440,molecule_atom_1_z_1_min,569.5,1
441,molecule_atom_1_z_1_min_diff,526.0,1
442,molecule_atom_1_z_1_min_div,402.5,1
443,molecule_atom_1_dist_mean,1050.0,1
444,molecule_atom_1_dist_mean_diff,853.0,1
445,molecule_atom_1_dist_mean_div,771.5,1
446,molecule_atom_1_dist_max,733.5,1
447,molecule_atom_1_dist_max_diff,862.5,1
448,molecule_atom_1_dist_max_div,902.5,1
449,molecule_atom_1_dist_std,1085.5,1
450,molecule_atom_1_dist_std_diff,879.5,1
451,molecule_atom_1_dist_std_div,918.0,1
452,molecule_atom_1_dist_min,1197.5,1
453,molecule_atom_1_dist_min_diff,725.5,1
454,molecule_atom_1_dist_min_div,807.5,1
455,molecule_atom_1_dist_x_mean,727.5,1
456,molecule_atom_1_dist_x_mean_diff,414.0,1
457,molecule_atom_1_dist_x_mean_div,267.5,1
458,molecule_atom_1_dist_x_max,756.5,1
459,molecule_atom_1_dist_x_max_diff,811.5,1
460,molecule_atom_1_dist_x_max_div,287.0,1
461,molecule_atom_1_dist_x_std,680.5,1
462,molecule_atom_1_dist_x_std_diff,434.5,1
463,molecule_atom_1_dist_x_std_div,239.5,1
464,molecule_atom_1_dist_x_min,857.5,1
465,molecule_atom_1_dist_x_min_diff,143.0,1
466,molecule_atom_1_dist_x_min_div,892.0,1
467,molecule_atom_1_dist_y_mean,801.5,1
468,molecule_atom_1_dist_y_mean_diff,473.5,1
469,molecule_atom_1_dist_y_mean_div,272.0,1
470,molecule_atom_1_dist_y_max,866.5,1
471,molecule_atom_1_dist_y_max_diff,804.5,1
472,molecule_atom_1_dist_y_max_div,296.0,1
473,molecule_atom_1_dist_y_std,745.5,1
474,molecule_atom_1_dist_y_std_diff,438.0,1
475,molecule_atom_1_dist_y_std_div,213.0,1
476,molecule_atom_1_dist_y_min,850.0,1
477,molecule_atom_1_dist_y_min_diff,146.0,1
478,molecule_atom_1_dist_y_min_div,859.5,1
479,molecule_atom_1_dist_z_mean,723.0,1
480,molecule_atom_1_dist_z_mean_diff,424.0,1
481,molecule_atom_1_dist_z_mean_div,301.0,1
482,molecule_atom_1_dist_z_max,733.0,1
483,molecule_atom_1_dist_z_max_diff,766.0,1
484,molecule_atom_1_dist_z_max_div,311.5,1
485,molecule_atom_1_dist_z_std,702.5,1
486,molecule_atom_1_dist_z_std_diff,445.5,1
487,molecule_atom_1_dist_z_std_div,250.0,1
488,molecule_atom_1_dist_z_min,909.0,1
489,molecule_atom_1_dist_z_min_diff,154.0,1
490,molecule_atom_1_dist_z_min_div,911.0,1
491,molecule_type_0_x_1_mean,357.5,1
492,molecule_type_0_x_1_mean_diff,519.0,1
493,molecule_type_0_x_1_mean_div,662.5,1
494,molecule_type_0_x_1_max,645.5,1
495,molecule_type_0_x_1_max_diff,670.0,1
496,molecule_type_0_x_1_max_div,393.0,1
497,molecule_type_0_x_1_std,727.0,1
498,molecule_type_0_x_1_std_diff,356.5,1
499,molecule_type_0_x_1_std_div,283.0,1
500,molecule_type_0_x_1_min,608.5,1
501,molecule_type_0_x_1_min_diff,742.0,1
502,molecule_type_0_x_1_min_div,385.0,1
503,molecule_type_0_y_1_mean,437.5,1
504,molecule_type_0_y_1_mean_diff,493.0,1
505,molecule_type_0_y_1_mean_div,703.0,1
506,molecule_type_0_y_1_max,737.5,1
507,molecule_type_0_y_1_max_diff,568.5,1
508,molecule_type_0_y_1_max_div,403.0,1
509,molecule_type_0_y_1_std,616.0,1
510,molecule_type_0_y_1_std_diff,299.5,1
511,molecule_type_0_y_1_std_div,325.0,1
512,molecule_type_0_y_1_min,523.5,1
513,molecule_type_0_y_1_min_diff,723.5,1
514,molecule_type_0_y_1_min_div,320.5,1
515,molecule_type_0_z_1_mean,478.5,1
516,molecule_type_0_z_1_mean_diff,541.0,1
517,molecule_type_0_z_1_mean_div,704.5,1
518,molecule_type_0_z_1_max,719.0,1
519,molecule_type_0_z_1_max_diff,710.5,1
520,molecule_type_0_z_1_max_div,393.0,1
521,molecule_type_0_z_1_std,701.0,1
522,molecule_type_0_z_1_std_diff,393.5,1
523,molecule_type_0_z_1_std_div,295.0,1
524,molecule_type_0_z_1_min,736.0,1
525,molecule_type_0_z_1_min_diff,703.5,1
526,molecule_type_0_z_1_min_div,400.5,1
527,molecule_type_0_dist_mean,763.5,1
528,molecule_type_0_dist_mean_diff,778.5,1
529,molecule_type_0_dist_mean_div,651.0,1
530,molecule_type_0_dist_max,696.0,1
531,molecule_type_0_dist_max_diff,583.5,1
532,molecule_type_0_dist_max_div,538.5,1
533,molecule_type_0_dist_std,848.5,1
534,molecule_type_0_dist_std_diff,1022.0,1
535,molecule_type_0_dist_std_div,1004.5,1
536,molecule_type_0_dist_min,1165.0,1
537,molecule_type_0_dist_min_diff,857.0,1
538,molecule_type_0_dist_min_div,848.5,1
539,molecule_type_0_dist_x_mean,802.5,1
540,molecule_type_0_dist_x_mean_diff,380.0,1
541,molecule_type_0_dist_x_mean_div,234.0,1
542,molecule_type_0_dist_x_max,689.0,1
543,molecule_type_0_dist_x_max_diff,441.5,1
544,molecule_type_0_dist_x_max_div,131.0,1
545,molecule_type_0_dist_x_std,718.5,1
546,molecule_type_0_dist_x_std_diff,282.0,1
547,molecule_type_0_dist_x_std_div,231.5,1
548,molecule_type_0_dist_x_min,852.5,1
549,molecule_type_0_dist_x_min_diff,159.5,1
550,molecule_type_0_dist_x_min_div,804.5,1
551,molecule_type_0_dist_y_mean,953.5,1
552,molecule_type_0_dist_y_mean_diff,372.5,1
553,molecule_type_0_dist_y_mean_div,207.5,1
554,molecule_type_0_dist_y_max,746.5,1
555,molecule_type_0_dist_y_max_diff,429.5,1
556,molecule_type_0_dist_y_max_div,149.0,1
557,molecule_type_0_dist_y_std,807.5,1
558,molecule_type_0_dist_y_std_diff,325.0,1
559,molecule_type_0_dist_y_std_div,207.5,1
560,molecule_type_0_dist_y_min,895.5,1
561,molecule_type_0_dist_y_min_diff,175.0,1
562,molecule_type_0_dist_y_min_div,885.0,1
563,molecule_type_0_dist_z_mean,837.0,1
564,molecule_type_0_dist_z_mean_diff,345.0,1
565,molecule_type_0_dist_z_mean_div,253.0,1
566,molecule_type_0_dist_z_max,727.5,1
567,molecule_type_0_dist_z_max_diff,484.0,1
568,molecule_type_0_dist_z_max_div,179.5,1
569,molecule_type_0_dist_z_std,750.5,1
570,molecule_type_0_dist_z_std_diff,334.5,1
571,molecule_type_0_dist_z_std_div,229.5,1
572,molecule_type_0_dist_z_min,858.5,1
573,molecule_type_0_dist_z_min_diff,157.5,1
574,molecule_type_0_dist_z_min_div,794.0,1
575,dist_inv2,714.0,1
576,atom_index_closest_0,543.0,1
577,distance_closest_0,310.5,1
578,x_closest_0,656.0,1
579,y_closest_0,686.5,1
580,z_closest_0,825.0,1
581,max_distance_x,681.5,1
582,atom_index_closest_1,241.0,1
583,distance_closest_1,344.0,1
584,x_closest_1,757.0,1
585,y_closest_1,711.5,1
586,z_closest_1,842.5,1
587,max_distance_y,239.0,1
588,atom_index_farthest_0,750.0,1
589,distance_farthest_0,254.5,1
590,x_farthest_0,1052.5,1
591,y_farthest_0,1137.0,1
592,z_farthest_0,1278.0,1
593,min_distance_x,95.0,1
594,atom_index_farthest_1,373.5,1
595,distance_farthest_1,78.5,1
596,x_farthest_1,1014.0,1
597,y_farthest_1,964.0,1
598,z_farthest_1,1137.5,1
599,min_distance_y,161.0,1
600,distance_center0,1241.0,1
601,distance_center1,1293.5,1
602,distance_c0,37.0,1
603,distance_c1,49.0,1
604,distance_f0,101.5,1
605,distance_f1,30.5,1
606,cos_c0_c1,2995.0,1
607,cos_f0_f1,2049.0,1
608,cos_c0_f0,3491.0,1
609,cos_c1_f1,1470.5,1
610,cos_center0_center1,1600.5,1
611,cos_c0,3542.5,1
612,cos_c1,2630.5,1
613,cos_f0,4273.5,1
614,cos_f1,2230.0,1
615,cos_center0,1101.5,1
616,cos_center1,1285.0,1
617,rc_A,1504.0,1
618,rc_B,1440.5,1
619,rc_C,1472.5,1
620,mu,1334.5,1
621,alpha,748.0,1
622,homo,1762.5,1
623,lumo,1887.0,1
624,gap,3180.5,1
625,zpve,457.0,1
626,Cv,862.0,1
627,freqs_min,2058.5,1
628,freqs_max,1315.5,1
629,freqs_mean,717.0,1
630,mulliken_min,1123.0,1
631,mulliken_max,1484.5,1
632,mulliken_atom_0,2839.0,1
633,mulliken_atom_1,2192.0,1
634,type_1JHN,0.0,1
635,type_2JHC,0.0,1
636,type_2JHH,0.0,1
637,type_2JHN,0.0,1
638,type_3JHC,0.0,1
639,type_3JHH,0.0,1
640,type_3JHN,0.0,1
641,atom_1_H,0.0,1
642,atom_1_N,0.0,1
643,flatness_metric,1278.5,1
644,thinness_metric,1095.5,1
645,roundness_metric,1043.0,1
646,bond_angle_plane,2264.5,1
647,bond_angle_axis,2060.5,1
0,molecule_name,861.5,2
1,id,550.5,2
2,type,0.0,2
3,inv_dist0,1528.5,2
4,inv_dist1,787.5,2
5,inv_distP,880.0,2
6,inv_dist0R,2697.0,2
7,inv_dist1R,1357.0,2
8,inv_distPR,1647.0,2
9,inv_dist0E,1407.5,2
10,inv_dist1E,820.5,2
11,inv_distPE,950.0,2
12,linkM0,2189.5,2
13,linkM1,1689.5,2
14,min_molecule_atom_0_dist_xyz,1875.0,2
15,mean_molecule_atom_0_dist_xyz,1695.5,2
16,max_molecule_atom_0_dist_xyz,2100.0,2
17,sd_molecule_atom_0_dist_xyz,1195.0,2
18,min_molecule_atom_1_dist_xyz,2059.5,2
19,mean_molecule_atom_1_dist_xyz,987.0,2
20,max_molecule_atom_1_dist_xyz,1358.5,2
21,sd_molecule_atom_1_dist_xyz,934.0,2
22,coulomb_C.x,836.5,2
23,coulomb_F.x,18.5,2
24,coulomb_H.x,602.5,2
25,coulomb_N.x,466.0,2
26,coulomb_O.x,1747.0,2
27,yukawa_C.x,1093.0,2
28,yukawa_F.x,23.5,2
29,yukawa_H.x,1197.0,2
30,yukawa_N.x,788.5,2
31,yukawa_O.x,2576.5,2
32,vander_C.x,1136.0,2
33,vander_F.x,11.0,2
34,vander_H.x,1349.5,2
35,vander_N.x,724.0,2
36,vander_O.x,2368.5,2
37,coulomb_C.y,875.0,2
38,coulomb_F.y,8.5,2
39,coulomb_H.y,563.5,2
40,coulomb_N.y,616.5,2
41,coulomb_O.y,1674.0,2
42,yukawa_C.y,1298.0,2
43,yukawa_F.y,10.0,2
44,yukawa_H.y,893.5,2
45,yukawa_N.y,796.5,2
46,yukawa_O.y,1963.0,2
47,vander_C.y,1766.5,2
48,vander_F.y,36.5,2
49,vander_H.y,626.0,2
50,vander_N.y,844.5,2
51,vander_O.y,1881.5,2
52,distC0,2299.5,2
53,distH0,0.0,2
54,distN0,0.0,2
55,distC1,1339.5,2
56,distH1,0.0,2
57,distN1,0.0,2
58,adH1,2609.0,2
59,adH2,1365.0,2
60,adH3,364.0,2
61,adH4,62.5,2
62,adC1,1802.5,2
63,adC2,4499.5,2
64,adC3,4026.0,2
65,adC4,3347.5,2
66,adN1,3462.0,2
67,adN2,888.5,2
68,adN3,123.5,2
69,adN4,16.5,2
70,NC,26.0,2
71,NH,42.0,2
72,NN,60.5,2
73,NF,0.0,2
74,NO,61.5,2
75,atom_index_0,352.5,2
76,atom_index_1,360.0,2
77,atom_0,0.0,2
78,x_0,828.5,2
79,y_0,866.5,2
80,z_0,909.5,2
81,dist_C_0_x,934.0,2
82,dist_C_1_x,1071.0,2
83,dist_C_2_x,1161.5,2
84,dist_C_3_x,1339.5,2
85,dist_C_4_x,1633.0,2
86,dist_F_0_x,8.0,2
87,dist_F_1_x,1.0,2
88,dist_F_2_x,0.5,2
89,dist_F_3_x,0.0,2
90,dist_F_4_x,0.0,2
91,dist_H_0_x,1974.5,2
92,dist_H_1_x,1409.0,2
93,dist_H_2_x,1427.0,2
94,dist_H_3_x,1551.5,2
95,dist_H_4_x,1522.5,2
96,dist_N_0_x,1173.5,2
97,dist_N_1_x,344.5,2
98,dist_N_2_x,84.0,2
99,dist_N_3_x,23.0,2
100,dist_N_4_x,8.0,2
101,dist_O_0_x,1760.5,2
102,dist_O_1_x,1445.5,2
103,dist_O_2_x,374.0,2
104,dist_O_3_x,53.0,2
105,dist_O_4_x,0.0,2
106,atom_1,0.0,2
107,x_1,310.5,2
108,y_1,290.5,2
109,z_1,372.5,2
110,dist_C_0_y,1338.5,2
111,dist_C_1_y,1038.0,2
112,dist_C_2_y,1186.0,2
113,dist_C_3_y,1437.5,2
114,dist_C_4_y,1605.5,2
115,dist_F_0_y,7.0,2
116,dist_F_1_y,1.0,2
117,dist_F_2_y,2.0,2
118,dist_F_3_y,0.0,2
119,dist_F_4_y,0.0,2
120,dist_H_0_y,1134.5,2
121,dist_H_1_y,1251.5,2
122,dist_H_2_y,1056.0,2
123,dist_H_3_y,1100.5,2
124,dist_H_4_y,1295.5,2
125,dist_N_0_y,985.5,2
126,dist_N_1_y,378.0,2
127,dist_N_2_y,80.5,2
128,dist_N_3_y,20.5,2
129,dist_N_4_y,5.5,2
130,dist_O_0_y,1528.5,2
131,dist_O_1_y,1286.0,2
132,dist_O_2_y,336.5,2
133,dist_O_3_y,44.5,2
134,dist_O_4_y,0.0,2
135,c_x,364.5,2
136,c_y,397.5,2
137,c_z,448.5,2
138,dist,1060.5,2
139,dist_x,170.5,2
140,dist_y,181.0,2
141,dist_z,209.5,2
142,type_0,0.0,2
143,molecule_couples,411.5,2
144,molecule_dist_mean,1269.0,2
145,molecule_dist_min,1173.5,2
146,molecule_dist_max,983.0,2
147,molecule_dist_std,916.5,2
148,atom_0_couples_count,185.0,2
149,atom_1_couples_count,193.5,2
150,molecule_atom_index_0_count,154.5,2
151,molecule_atom_index_1_count,66.5,2
152,molecule_type_count,21.0,2
153,molecule_atom_1_count,10.0,2
154,molecule_type_0_count,2.5,2
155,molecule_atom_index_0_x_1_mean,478.5,2
156,molecule_atom_index_0_x_1_mean_diff,1076.5,2
157,molecule_atom_index_0_x_1_mean_div,917.5,2
158,molecule_atom_index_0_x_1_max,640.0,2
159,molecule_atom_index_0_x_1_max_diff,969.5,2
160,molecule_atom_index_0_x_1_max_div,516.5,2
161,molecule_atom_index_0_x_1_std,1113.5,2
162,molecule_atom_index_0_x_1_std_diff,429.5,2
163,molecule_atom_index_0_x_1_std_div,406.5,2
164,molecule_atom_index_0_x_1_min,510.0,2
165,molecule_atom_index_0_x_1_min_diff,958.0,2
166,molecule_atom_index_0_x_1_min_div,545.5,2
167,molecule_atom_index_0_y_1_mean,489.0,2
168,molecule_atom_index_0_y_1_mean_diff,1022.0,2
169,molecule_atom_index_0_y_1_mean_div,919.5,2
170,molecule_atom_index_0_y_1_max,580.0,2
171,molecule_atom_index_0_y_1_max_diff,1015.5,2
172,molecule_atom_index_0_y_1_max_div,720.0,2
173,molecule_atom_index_0_y_1_std,1131.0,2
174,molecule_atom_index_0_y_1_std_diff,468.5,2
175,molecule_atom_index_0_y_1_std_div,480.5,2
176,molecule_atom_index_0_y_1_min,591.5,2
177,molecule_atom_index_0_y_1_min_diff,958.0,2
178,molecule_atom_index_0_y_1_min_div,508.0,2
179,molecule_atom_index_0_z_1_mean,604.0,2
180,molecule_atom_index_0_z_1_mean_diff,1082.0,2
181,molecule_atom_index_0_z_1_mean_div,1071.0,2
182,molecule_atom_index_0_z_1_max,625.5,2
183,molecule_atom_index_0_z_1_max_diff,987.0,2
184,molecule_atom_index_0_z_1_max_div,466.5,2
185,molecule_atom_index_0_z_1_std,1075.5,2
186,molecule_atom_index_0_z_1_std_diff,555.5,2
187,molecule_atom_index_0_z_1_std_div,371.5,2
188,molecule_atom_index_0_z_1_min,631.0,2
189,molecule_atom_index_0_z_1_min_diff,893.0,2
190,molecule_atom_index_0_z_1_min_div,535.5,2
191,molecule_atom_index_0_dist_mean,654.5,2
192,molecule_atom_index_0_dist_mean_diff,1372.0,2
193,molecule_atom_index_0_dist_mean_div,1251.0,2
194,molecule_atom_index_0_dist_max,847.5,2
195,molecule_atom_index_0_dist_max_diff,1473.0,2
196,molecule_atom_index_0_dist_max_div,1584.5,2
197,molecule_atom_index_0_dist_std,475.0,2
198,molecule_atom_index_0_dist_std_diff,1222.5,2
199,molecule_atom_index_0_dist_std_div,1026.0,2
200,molecule_atom_index_0_dist_min,616.0,2
201,molecule_atom_index_0_dist_min_diff,1095.5,2
202,molecule_atom_index_0_dist_min_div,1548.5,2
203,molecule_atom_index_0_dist_x_mean,755.0,2
204,molecule_atom_index_0_dist_x_mean_diff,786.5,2
205,molecule_atom_index_0_dist_x_mean_div,541.5,2
206,molecule_atom_index_0_dist_x_max,743.0,2
207,molecule_atom_index_0_dist_x_max_diff,942.0,2
208,molecule_atom_index_0_dist_x_max_div,450.5,2
209,molecule_atom_index_0_dist_x_std,762.0,2
210,molecule_atom_index_0_dist_x_std_diff,718.0,2
211,molecule_atom_index_0_dist_x_std_div,445.0,2
212,molecule_atom_index_0_dist_x_min,1003.5,2
213,molecule_atom_index_0_dist_x_min_diff,455.0,2
214,molecule_atom_index_0_dist_x_min_div,1059.0,2
215,molecule_atom_index_0_dist_y_mean,804.0,2
216,molecule_atom_index_0_dist_y_mean_diff,857.5,2
217,molecule_atom_index_0_dist_y_mean_div,506.5,2
218,molecule_atom_index_0_dist_y_max,852.5,2
219,molecule_atom_index_0_dist_y_max_diff,972.0,2
220,molecule_atom_index_0_dist_y_max_div,419.0,2
221,molecule_atom_index_0_dist_y_std,818.0,2
222,molecule_atom_index_0_dist_y_std_diff,699.5,2
223,molecule_atom_index_0_dist_y_std_div,431.0,2
224,molecule_atom_index_0_dist_y_min,1055.5,2
225,molecule_atom_index_0_dist_y_min_diff,411.5,2
226,molecule_atom_index_0_dist_y_min_div,912.5,2
227,molecule_atom_index_0_dist_z_mean,752.0,2
228,molecule_atom_index_0_dist_z_mean_diff,939.5,2
229,molecule_atom_index_0_dist_z_mean_div,592.5,2
230,molecule_atom_index_0_dist_z_max,767.0,2
231,molecule_atom_index_0_dist_z_max_diff,945.5,2
232,molecule_atom_index_0_dist_z_max_div,497.5,2
233,molecule_atom_index_0_dist_z_std,724.5,2
234,molecule_atom_index_0_dist_z_std_diff,756.5,2
235,molecule_atom_index_0_dist_z_std_div,443.0,2
236,molecule_atom_index_0_dist_z_min,978.5,2
237,molecule_atom_index_0_dist_z_min_diff,543.5,2
238,molecule_atom_index_0_dist_z_min_div,1092.5,2
239,molecule_atom_index_1_x_1_mean,125.0,2
240,molecule_atom_index_1_x_1_mean_diff,267.0,2
241,molecule_atom_index_1_x_1_mean_div,0.0,2
242,molecule_atom_index_1_x_1_max,45.5,2
243,molecule_atom_index_1_x_1_max_diff,0.0,2
244,molecule_atom_index_1_x_1_max_div,0.0,2
245,molecule_atom_index_1_x_1_std,0.0,2
246,molecule_atom_index_1_x_1_std_diff,211.0,2
247,molecule_atom_index_1_x_1_std_div,0.0,2
248,molecule_atom_index_1_x_1_min,13.5,2
249,molecule_atom_index_1_x_1_min_diff,0.0,2
250,molecule_atom_index_1_x_1_min_div,0.0,2
251,molecule_atom_index_1_y_1_mean,121.0,2
252,molecule_atom_index_1_y_1_mean_diff,259.0,2
253,molecule_atom_index_1_y_1_mean_div,0.0,2
254,molecule_atom_index_1_y_1_max,41.0,2
255,molecule_atom_index_1_y_1_max_diff,0.0,2
256,molecule_atom_index_1_y_1_max_div,0.0,2
257,molecule_atom_index_1_y_1_std,0.0,2
258,molecule_atom_index_1_y_1_std_diff,227.0,2
259,molecule_atom_index_1_y_1_std_div,0.0,2
260,molecule_atom_index_1_y_1_min,16.0,2
261,molecule_atom_index_1_y_1_min_diff,0.0,2
262,molecule_atom_index_1_y_1_min_div,0.0,2
263,molecule_atom_index_1_z_1_mean,152.0,2
264,molecule_atom_index_1_z_1_mean_diff,291.0,2
265,molecule_atom_index_1_z_1_mean_div,0.0,2
266,molecule_atom_index_1_z_1_max,56.5,2
267,molecule_atom_index_1_z_1_max_diff,0.0,2
268,molecule_atom_index_1_z_1_max_div,0.0,2
269,molecule_atom_index_1_z_1_std,0.0,2
270,molecule_atom_index_1_z_1_std_diff,239.5,2
271,molecule_atom_index_1_z_1_std_div,0.0,2
272,molecule_atom_index_1_z_1_min,18.0,2
273,molecule_atom_index_1_z_1_min_diff,0.0,2
274,molecule_atom_index_1_z_1_min_div,0.0,2
275,molecule_atom_index_1_dist_mean,353.0,2
276,molecule_atom_index_1_dist_mean_diff,766.5,2
277,molecule_atom_index_1_dist_mean_div,685.0,2
278,molecule_atom_index_1_dist_max,568.5,2
279,molecule_atom_index_1_dist_max_diff,921.5,2
280,molecule_atom_index_1_dist_max_div,899.0,2
281,molecule_atom_index_1_dist_std,414.0,2
282,molecule_atom_index_1_dist_std_diff,1019.0,2
283,molecule_atom_index_1_dist_std_div,764.5,2
284,molecule_atom_index_1_dist_min,749.5,2
285,molecule_atom_index_1_dist_min_diff,1198.5,2
286,molecule_atom_index_1_dist_min_div,1185.5,2
287,molecule_atom_index_1_dist_x_mean,794.5,2
288,molecule_atom_index_1_dist_x_mean_diff,620.5,2
289,molecule_atom_index_1_dist_x_mean_div,420.5,2
290,molecule_atom_index_1_dist_x_max,783.0,2
291,molecule_atom_index_1_dist_x_max_diff,783.0,2
292,molecule_atom_index_1_dist_x_max_div,352.0,2
293,molecule_atom_index_1_dist_x_std,809.5,2
294,molecule_atom_index_1_dist_x_std_diff,652.0,2
295,molecule_atom_index_1_dist_x_std_div,434.0,2
296,molecule_atom_index_1_dist_x_min,989.5,2
297,molecule_atom_index_1_dist_x_min_diff,365.0,2
298,molecule_atom_index_1_dist_x_min_div,849.0,2
299,molecule_atom_index_1_dist_y_mean,803.5,2
300,molecule_atom_index_1_dist_y_mean_diff,682.0,2
301,molecule_atom_index_1_dist_y_mean_div,445.0,2
302,molecule_atom_index_1_dist_y_max,831.0,2
303,molecule_atom_index_1_dist_y_max_diff,751.5,2
304,molecule_atom_index_1_dist_y_max_div,332.0,2
305,molecule_atom_index_1_dist_y_std,839.5,2
306,molecule_atom_index_1_dist_y_std_diff,587.5,2
307,molecule_atom_index_1_dist_y_std_div,447.5,2
308,molecule_atom_index_1_dist_y_min,1013.5,2
309,molecule_atom_index_1_dist_y_min_diff,390.5,2
310,molecule_atom_index_1_dist_y_min_div,899.5,2
311,molecule_atom_index_1_dist_z_mean,795.0,2
312,molecule_atom_index_1_dist_z_mean_diff,672.0,2
313,molecule_atom_index_1_dist_z_mean_div,448.5,2
314,molecule_atom_index_1_dist_z_max,755.5,2
315,molecule_atom_index_1_dist_z_max_diff,756.0,2
316,molecule_atom_index_1_dist_z_max_div,352.5,2
317,molecule_atom_index_1_dist_z_std,807.0,2
318,molecule_atom_index_1_dist_z_std_diff,631.0,2
319,molecule_atom_index_1_dist_z_std_div,451.0,2
320,molecule_atom_index_1_dist_z_min,1018.0,2
321,molecule_atom_index_1_dist_z_min_diff,377.5,2
322,molecule_atom_index_1_dist_z_min_div,865.0,2
323,molecule_type_x_1_mean,403.5,2
324,molecule_type_x_1_mean_diff,458.0,2
325,molecule_type_x_1_mean_div,592.5,2
326,molecule_type_x_1_max,487.5,2
327,molecule_type_x_1_max_diff,532.5,2
328,molecule_type_x_1_max_div,383.5,2
329,molecule_type_x_1_std,675.5,2
330,molecule_type_x_1_std_diff,362.5,2
331,molecule_type_x_1_std_div,351.5,2
332,molecule_type_x_1_min,541.0,2
333,molecule_type_x_1_min_diff,530.5,2
334,molecule_type_x_1_min_div,480.5,2
335,molecule_type_y_1_mean,420.0,2
336,molecule_type_y_1_mean_diff,482.0,2
337,molecule_type_y_1_mean_div,625.5,2
338,molecule_type_y_1_max,610.0,2
339,molecule_type_y_1_max_diff,613.0,2
340,molecule_type_y_1_max_div,572.0,2
341,molecule_type_y_1_std,743.5,2
342,molecule_type_y_1_std_diff,384.5,2
343,molecule_type_y_1_std_div,435.5,2
344,molecule_type_y_1_min,472.0,2
345,molecule_type_y_1_min_diff,516.0,2
346,molecule_type_y_1_min_div,351.5,2
347,molecule_type_z_1_mean,436.0,2
348,molecule_type_z_1_mean_diff,494.5,2
349,molecule_type_z_1_mean_div,702.5,2
350,molecule_type_z_1_max,563.5,2
351,molecule_type_z_1_max_diff,547.5,2
352,molecule_type_z_1_max_div,406.0,2
353,molecule_type_z_1_std,673.0,2
354,molecule_type_z_1_std_diff,422.5,2
355,molecule_type_z_1_std_div,387.0,2
356,molecule_type_z_1_min,586.5,2
357,molecule_type_z_1_min_diff,535.0,2
358,molecule_type_z_1_min_div,465.0,2
359,molecule_type_dist_mean,878.0,2
360,molecule_type_dist_mean_diff,882.0,2
361,molecule_type_dist_mean_div,713.0,2
362,molecule_type_dist_max,1474.5,2
363,molecule_type_dist_max_diff,1004.5,2
364,molecule_type_dist_max_div,837.5,2
365,molecule_type_dist_std,766.0,2
366,molecule_type_dist_std_diff,1017.0,2
367,molecule_type_dist_std_div,716.0,2
368,molecule_type_dist_min,1072.5,2
369,molecule_type_dist_min_diff,952.0,2
370,molecule_type_dist_min_div,885.5,2
371,molecule_type_dist_x_mean,732.0,2
372,molecule_type_dist_x_mean_diff,399.0,2
373,molecule_type_dist_x_mean_div,312.0,2
374,molecule_type_dist_x_max,766.0,2
375,molecule_type_dist_x_max_diff,498.0,2
376,molecule_type_dist_x_max_div,181.5,2
377,molecule_type_dist_x_std,812.0,2
378,molecule_type_dist_x_std_diff,315.0,2
379,molecule_type_dist_x_std_div,256.0,2
380,molecule_type_dist_x_min,791.0,2
381,molecule_type_dist_x_min_diff,245.5,2
382,molecule_type_dist_x_min_div,781.0,2
383,molecule_type_dist_y_mean,750.5,2
384,molecule_type_dist_y_mean_diff,414.5,2
385,molecule_type_dist_y_mean_div,305.0,2
386,molecule_type_dist_y_max,760.5,2
387,molecule_type_dist_y_max_diff,503.0,2
388,molecule_type_dist_y_max_div,173.0,2
389,molecule_type_dist_y_std,886.0,2
390,molecule_type_dist_y_std_diff,337.5,2
391,molecule_type_dist_y_std_div,257.5,2
392,molecule_type_dist_y_min,865.5,2
393,molecule_type_dist_y_min_diff,258.0,2
394,molecule_type_dist_y_min_div,803.0,2
395,molecule_type_dist_z_mean,744.5,2
396,molecule_type_dist_z_mean_diff,395.0,2
397,molecule_type_dist_z_mean_div,287.5,2
398,molecule_type_dist_z_max,737.5,2
399,molecule_type_dist_z_max_diff,520.5,2
400,molecule_type_dist_z_max_div,191.0,2
401,molecule_type_dist_z_std,773.0,2
402,molecule_type_dist_z_std_diff,405.5,2
403,molecule_type_dist_z_std_div,303.5,2
404,molecule_type_dist_z_min,807.5,2
405,molecule_type_dist_z_min_diff,248.0,2
406,molecule_type_dist_z_min_div,755.0,2
407,molecule_atom_1_x_1_mean,340.0,2
408,molecule_atom_1_x_1_mean_diff,461.0,2
409,molecule_atom_1_x_1_mean_div,602.5,2
410,molecule_atom_1_x_1_max,495.0,2
411,molecule_atom_1_x_1_max_diff,540.0,2
412,molecule_atom_1_x_1_max_div,369.0,2
413,molecule_atom_1_x_1_std,619.5,2
414,molecule_atom_1_x_1_std_diff,307.0,2
415,molecule_atom_1_x_1_std_div,314.5,2
416,molecule_atom_1_x_1_min,504.5,2
417,molecule_atom_1_x_1_min_diff,554.5,2
418,molecule_atom_1_x_1_min_div,425.5,2
419,molecule_atom_1_y_1_mean,395.5,2
420,molecule_atom_1_y_1_mean_diff,449.5,2
421,molecule_atom_1_y_1_mean_div,566.0,2
422,molecule_atom_1_y_1_max,583.0,2
423,molecule_atom_1_y_1_max_diff,414.5,2
424,molecule_atom_1_y_1_max_div,462.5,2
425,molecule_atom_1_y_1_std,571.0,2
426,molecule_atom_1_y_1_std_diff,301.0,2
427,molecule_atom_1_y_1_std_div,325.0,2
428,molecule_atom_1_y_1_min,453.5,2
429,molecule_atom_1_y_1_min_diff,581.5,2
430,molecule_atom_1_y_1_min_div,287.0,2
431,molecule_atom_1_z_1_mean,432.5,2
432,molecule_atom_1_z_1_mean_diff,462.5,2
433,molecule_atom_1_z_1_mean_div,693.5,2
434,molecule_atom_1_z_1_max,510.0,2
435,molecule_atom_1_z_1_max_diff,524.5,2
436,molecule_atom_1_z_1_max_div,347.5,2
437,molecule_atom_1_z_1_std,586.0,2
438,molecule_atom_1_z_1_std_diff,370.0,2
439,molecule_atom_1_z_1_std_div,273.0,2
440,molecule_atom_1_z_1_min,537.0,2
441,molecule_atom_1_z_1_min_diff,483.0,2
442,molecule_atom_1_z_1_min_div,410.5,2
443,molecule_atom_1_dist_mean,988.0,2
444,molecule_atom_1_dist_mean_diff,848.0,2
445,molecule_atom_1_dist_mean_div,758.5,2
446,molecule_atom_1_dist_max,672.0,2
447,molecule_atom_1_dist_max_diff,927.5,2
448,molecule_atom_1_dist_max_div,899.0,2
449,molecule_atom_1_dist_std,1077.0,2
450,molecule_atom_1_dist_std_diff,873.0,2
451,molecule_atom_1_dist_std_div,917.5,2
452,molecule_atom_1_dist_min,1119.0,2
453,molecule_atom_1_dist_min_diff,730.5,2
454,molecule_atom_1_dist_min_div,805.5,2
455,molecule_atom_1_dist_x_mean,695.5,2
456,molecule_atom_1_dist_x_mean_diff,447.0,2
457,molecule_atom_1_dist_x_mean_div,264.5,2
458,molecule_atom_1_dist_x_max,679.5,2
459,molecule_atom_1_dist_x_max_diff,710.0,2
460,molecule_atom_1_dist_x_max_div,288.5,2
461,molecule_atom_1_dist_x_std,643.0,2
462,molecule_atom_1_dist_x_std_diff,401.5,2
463,molecule_atom_1_dist_x_std_div,221.5,2
464,molecule_atom_1_dist_x_min,823.5,2
465,molecule_atom_1_dist_x_min_diff,152.0,2
466,molecule_atom_1_dist_x_min_div,921.0,2
467,molecule_atom_1_dist_y_mean,782.0,2
468,molecule_atom_1_dist_y_mean_diff,471.0,2
469,molecule_atom_1_dist_y_mean_div,250.5,2
470,molecule_atom_1_dist_y_max,853.5,2
471,molecule_atom_1_dist_y_max_diff,813.5,2
472,molecule_atom_1_dist_y_max_div,298.5,2
473,molecule_atom_1_dist_y_std,747.5,2
474,molecule_atom_1_dist_y_std_diff,425.0,2
475,molecule_atom_1_dist_y_std_div,231.0,2
476,molecule_atom_1_dist_y_min,889.0,2
477,molecule_atom_1_dist_y_min_diff,156.5,2
478,molecule_atom_1_dist_y_min_div,893.0,2
479,molecule_atom_1_dist_z_mean,702.0,2
480,molecule_atom_1_dist_z_mean_diff,424.5,2
481,molecule_atom_1_dist_z_mean_div,256.5,2
482,molecule_atom_1_dist_z_max,655.0,2
483,molecule_atom_1_dist_z_max_diff,703.5,2
484,molecule_atom_1_dist_z_max_div,303.5,2
485,molecule_atom_1_dist_z_std,648.5,2
486,molecule_atom_1_dist_z_std_diff,442.5,2
487,molecule_atom_1_dist_z_std_div,243.5,2
488,molecule_atom_1_dist_z_min,903.5,2
489,molecule_atom_1_dist_z_min_diff,147.5,2
490,molecule_atom_1_dist_z_min_div,877.5,2
491,molecule_type_0_x_1_mean,361.0,2
492,molecule_type_0_x_1_mean_diff,454.0,2
493,molecule_type_0_x_1_mean_div,617.0,2
494,molecule_type_0_x_1_max,621.0,2
495,molecule_type_0_x_1_max_diff,694.0,2
496,molecule_type_0_x_1_max_div,399.5,2
497,molecule_type_0_x_1_std,717.0,2
498,molecule_type_0_x_1_std_diff,348.5,2
499,molecule_type_0_x_1_std_div,298.5,2
500,molecule_type_0_x_1_min,607.0,2
501,molecule_type_0_x_1_min_diff,704.5,2
502,molecule_type_0_x_1_min_div,400.0,2
503,molecule_type_0_y_1_mean,407.0,2
504,molecule_type_0_y_1_mean_diff,503.0,2
505,molecule_type_0_y_1_mean_div,653.0,2
506,molecule_type_0_y_1_max,712.0,2
507,molecule_type_0_y_1_max_diff,536.5,2
508,molecule_type_0_y_1_max_div,421.5,2
509,molecule_type_0_y_1_std,608.0,2
510,molecule_type_0_y_1_std_diff,329.0,2
511,molecule_type_0_y_1_std_div,329.0,2
512,molecule_type_0_y_1_min,499.0,2
513,molecule_type_0_y_1_min_diff,745.0,2
514,molecule_type_0_y_1_min_div,348.0,2
515,molecule_type_0_z_1_mean,458.5,2
516,molecule_type_0_z_1_mean_diff,509.5,2
517,molecule_type_0_z_1_mean_div,704.5,2
518,molecule_type_0_z_1_max,672.5,2
519,molecule_type_0_z_1_max_diff,707.5,2
520,molecule_type_0_z_1_max_div,376.0,2
521,molecule_type_0_z_1_std,651.5,2
522,molecule_type_0_z_1_std_diff,404.5,2
523,molecule_type_0_z_1_std_div,273.5,2
524,molecule_type_0_z_1_min,700.5,2
525,molecule_type_0_z_1_min_diff,675.5,2
526,molecule_type_0_z_1_min_div,399.0,2
527,molecule_type_0_dist_mean,758.5,2
528,molecule_type_0_dist_mean_diff,746.0,2
529,molecule_type_0_dist_mean_div,663.0,2
530,molecule_type_0_dist_max,718.5,2
531,molecule_type_0_dist_max_diff,586.0,2
532,molecule_type_0_dist_max_div,502.5,2
533,molecule_type_0_dist_std,812.5,2
534,molecule_type_0_dist_std_diff,1005.0,2
535,molecule_type_0_dist_std_div,981.0,2
536,molecule_type_0_dist_min,1175.5,2
537,molecule_type_0_dist_min_diff,863.0,2
538,molecule_type_0_dist_min_div,841.0,2
539,molecule_type_0_dist_x_mean,770.5,2
540,molecule_type_0_dist_x_mean_diff,338.5,2
541,molecule_type_0_dist_x_mean_div,242.5,2
542,molecule_type_0_dist_x_max,649.0,2
543,molecule_type_0_dist_x_max_diff,426.0,2
544,molecule_type_0_dist_x_max_div,144.5,2
545,molecule_type_0_dist_x_std,719.5,2
546,molecule_type_0_dist_x_std_diff,286.5,2
547,molecule_type_0_dist_x_std_div,218.0,2
548,molecule_type_0_dist_x_min,836.5,2
549,molecule_type_0_dist_x_min_diff,176.5,2
550,molecule_type_0_dist_x_min_div,789.5,2
551,molecule_type_0_dist_y_mean,926.5,2
552,molecule_type_0_dist_y_mean_diff,372.0,2
553,molecule_type_0_dist_y_mean_div,221.5,2
554,molecule_type_0_dist_y_max,731.0,2
555,molecule_type_0_dist_y_max_diff,453.0,2
556,molecule_type_0_dist_y_max_div,140.0,2
557,molecule_type_0_dist_y_std,783.5,2
558,molecule_type_0_dist_y_std_diff,317.0,2
559,molecule_type_0_dist_y_std_div,248.5,2
560,molecule_type_0_dist_y_min,948.5,2
561,molecule_type_0_dist_y_min_diff,160.5,2
562,molecule_type_0_dist_y_min_div,829.0,2
563,molecule_type_0_dist_z_mean,777.0,2
564,molecule_type_0_dist_z_mean_diff,343.0,2
565,molecule_type_0_dist_z_mean_div,228.5,2
566,molecule_type_0_dist_z_max,674.0,2
567,molecule_type_0_dist_z_max_diff,486.5,2
568,molecule_type_0_dist_z_max_div,179.5,2
569,molecule_type_0_dist_z_std,756.0,2
570,molecule_type_0_dist_z_std_diff,281.0,2
571,molecule_type_0_dist_z_std_div,232.0,2
572,molecule_type_0_dist_z_min,818.0,2
573,molecule_type_0_dist_z_min_diff,163.5,2
574,molecule_type_0_dist_z_min_div,777.5,2
575,dist_inv2,761.5,2
576,atom_index_closest_0,596.0,2
577,distance_closest_0,304.5,2
578,x_closest_0,661.0,2
579,y_closest_0,659.0,2
580,z_closest_0,772.0,2
581,max_distance_x,690.5,2
582,atom_index_closest_1,252.5,2
583,distance_closest_1,313.0,2
584,x_closest_1,770.5,2
585,y_closest_1,678.0,2
586,z_closest_1,858.0,2
587,max_distance_y,221.5,2
588,atom_index_farthest_0,714.5,2
589,distance_farthest_0,264.5,2
590,x_farthest_0,1009.0,2
591,y_farthest_0,1069.5,2
592,z_farthest_0,1225.5,2
593,min_distance_x,94.5,2
594,atom_index_farthest_1,353.0,2
595,distance_farthest_1,67.5,2
596,x_farthest_1,1008.0,2
597,y_farthest_1,937.5,2
598,z_farthest_1,1098.0,2
599,min_distance_y,125.5,2
600,distance_center0,1247.0,2
601,distance_center1,1274.5,2
602,distance_c0,42.0,2
603,distance_c1,61.0,2
604,distance_f0,107.0,2
605,distance_f1,33.5,2
606,cos_c0_c1,2896.0,2
607,cos_f0_f1,1920.0,2
608,cos_c0_f0,3530.0,2
609,cos_c1_f1,1441.0,2
610,cos_center0_center1,1595.5,2
611,cos_c0,3513.5,2
612,cos_c1,2673.5,2
613,cos_f0,4171.0,2
614,cos_f1,2229.0,2
615,cos_center0,1132.0,2
616,cos_center1,1223.5,2
617,rc_A,1468.5,2
618,rc_B,1371.5,2
619,rc_C,1476.5,2
620,mu,1315.5,2
621,alpha,708.5,2
622,homo,1733.5,2
623,lumo,1953.0,2
624,gap,3193.0,2
625,zpve,438.5,2
626,Cv,847.5,2
627,freqs_min,1967.0,2
628,freqs_max,1250.0,2
629,freqs_mean,731.5,2
630,mulliken_min,1034.5,2
631,mulliken_max,1485.0,2
632,mulliken_atom_0,2806.0,2
633,mulliken_atom_1,2208.5,2
634,type_1JHN,0.0,2
635,type_2JHC,0.0,2
636,type_2JHH,0.0,2
637,type_2JHN,0.0,2
638,type_3JHC,0.0,2
639,type_3JHH,0.0,2
640,type_3JHN,0.0,2
641,atom_1_H,0.0,2
642,atom_1_N,0.0,2
643,flatness_metric,1253.5,2
644,thinness_metric,1067.5,2
645,roundness_metric,1045.5,2
646,bond_angle_plane,2104.0,2
647,bond_angle_axis,1982.0,2
